-- --------------------------------------------------------
-- Host:                         127.0.0.1
-- Server version:               10.3.13-MariaDB - mariadb.org binary distribution
-- Server OS:                    Win64
-- HeidiSQL Version:             10.1.0.5464
-- --------------------------------------------------------

/*!40101 SET @OLD_CHARACTER_SET_CLIENT=@@CHARACTER_SET_CLIENT */;
/*!40101 SET NAMES utf8 */;
/*!50503 SET NAMES utf8mb4 */;
/*!40014 SET @OLD_FOREIGN_KEY_CHECKS=@@FOREIGN_KEY_CHECKS, FOREIGN_KEY_CHECKS=0 */;
/*!40101 SET @OLD_SQL_MODE=@@SQL_MODE, SQL_MODE='NO_AUTO_VALUE_ON_ZERO' */;


-- Dumping database structure for tb-micro-login
CREATE DATABASE IF NOT EXISTS `tb-micro-login` /*!40100 DEFAULT CHARACTER SET latin1 */;
USE `tb-micro-login`;

-- Dumping structure for table tb-micro-login.oauth_access_token
CREATE TABLE IF NOT EXISTS `oauth_access_token` (
  `authentication_id` varchar(256) NOT NULL,
  `token_id` varchar(256) NOT NULL,
  `token` mediumblob NOT NULL,
  `user_name` varchar(256) NOT NULL,
  `client_id` varchar(256) NOT NULL,
  `authentication` mediumblob NOT NULL,
  `refresh_token` varchar(256) NOT NULL,
  PRIMARY KEY (`authentication_id`)
) ENGINE=InnoDB DEFAULT CHARSET=latin1;

-- Dumping data for table tb-micro-login.oauth_access_token: ~4 rows (approximately)
/*!40000 ALTER TABLE `oauth_access_token` DISABLE KEYS */;
INSERT INTO `oauth_access_token` (`authentication_id`, `token_id`, `token`, `user_name`, `client_id`, `authentication`, `refresh_token`) VALUES
	('7296759d524eecb99d9f9b993f6d3e75', '3953c8598abb5c983103b0ae9067c8c7', _binary 0xACED0005737200436F72672E737072696E676672616D65776F726B2E73656375726974792E6F61757468322E636F6D6D6F6E2E44656661756C744F4175746832416363657373546F6B656E0CB29E361B24FACE0200064C00156164646974696F6E616C496E666F726D6174696F6E74000F4C6A6176612F7574696C2F4D61703B4C000A65787069726174696F6E7400104C6A6176612F7574696C2F446174653B4C000C72656672657368546F6B656E74003F4C6F72672F737072696E676672616D65776F726B2F73656375726974792F6F61757468322F636F6D6D6F6E2F4F417574683252656672657368546F6B656E3B4C000573636F706574000F4C6A6176612F7574696C2F5365743B4C0009746F6B656E547970657400124C6A6176612F6C616E672F537472696E673B4C000576616C756571007E000578707372001E6A6176612E7574696C2E436F6C6C656374696F6E7324456D7074794D6170593614855ADCE7D002000078707372000E6A6176612E7574696C2E44617465686A81014B597419030000787077080000016B9B490633787372004C6F72672E737072696E676672616D65776F726B2E73656375726974792E6F61757468322E636F6D6D6F6E2E44656661756C744578706972696E674F417574683252656672657368546F6B656E2FDF47639DD0C9B70200014C000A65787069726174696F6E71007E0002787200446F72672E737072696E676672616D65776F726B2E73656375726974792E6F61757468322E636F6D6D6F6E2E44656661756C744F417574683252656672657368546F6B656E73E10E0A6354D45E0200014C000576616C756571007E0005787074002438386434396339652D313530662D343832632D386432322D3836613133346462666236367371007E000977080000016B9B95516F78737200256A6176612E7574696C2E436F6C6C656374696F6E7324556E6D6F6469666961626C65536574801D92D18F9B80550200007872002C6A6176612E7574696C2E436F6C6C656374696F6E7324556E6D6F6469666961626C65436F6C6C656374696F6E19420080CB5EF71E0200014C0001637400164C6A6176612F7574696C2F436F6C6C656374696F6E3B7870737200176A6176612E7574696C2E4C696E6B656448617368536574D86CD75A95DD2A1E020000787200116A6176612E7574696C2E48617368536574BA44859596B8B7340300007870770C000000103F40000000000001740004524541447874000662656172657274002464323461393733302D306663322D343861302D623565352D633833326636346330306538, 'user', 'ecommerce-micros', _binary 0xACED0005737200416F72672E737072696E676672616D65776F726B2E73656375726974792E6F61757468322E70726F76696465722E4F417574683241757468656E7469636174696F6EBD400B02166252130200024C000D73746F7265645265717565737474003C4C6F72672F737072696E676672616D65776F726B2F73656375726974792F6F61757468322F70726F76696465722F4F4175746832526571756573743B4C00127573657241757468656E7469636174696F6E7400324C6F72672F737072696E676672616D65776F726B2F73656375726974792F636F72652F41757468656E7469636174696F6E3B787200476F72672E737072696E676672616D65776F726B2E73656375726974792E61757468656E7469636174696F6E2E416273747261637441757468656E7469636174696F6E546F6B656ED3AA287E6E47640E0200035A000D61757468656E746963617465644C000B617574686F7269746965737400164C6A6176612F7574696C2F436F6C6C656374696F6E3B4C000764657461696C737400124C6A6176612F6C616E672F4F626A6563743B787000737200266A6176612E7574696C2E436F6C6C656374696F6E7324556E6D6F6469666961626C654C697374FC0F2531B5EC8E100200014C00046C6973747400104C6A6176612F7574696C2F4C6973743B7872002C6A6176612E7574696C2E436F6C6C656374696F6E7324556E6D6F6469666961626C65436F6C6C656374696F6E19420080CB5EF71E0200014C00016371007E00047870737200136A6176612E7574696C2E41727261794C6973747881D21D99C7619D03000149000473697A65787000000002770400000002737200426F72672E737072696E676672616D65776F726B2E73656375726974792E636F72652E617574686F726974792E53696D706C654772616E746564417574686F7269747900000000000001FE0200014C0004726F6C657400124C6A6176612F6C616E672F537472696E673B7870740009524F4C455F555345527371007E000D74000C726561645F70726F66696C657871007E000C707372003A6F72672E737072696E676672616D65776F726B2E73656375726974792E6F61757468322E70726F76696465722E4F41757468325265717565737400000000000000010200075A0008617070726F7665644C000B617574686F72697469657371007E00044C000A657874656E73696F6E7374000F4C6A6176612F7574696C2F4D61703B4C000B726564697265637455726971007E000E4C00077265667265736874003B4C6F72672F737072696E676672616D65776F726B2F73656375726974792F6F61757468322F70726F76696465722F546F6B656E526571756573743B4C000B7265736F7572636549647374000F4C6A6176612F7574696C2F5365743B4C000D726573706F6E7365547970657371007E0016787200386F72672E737072696E676672616D65776F726B2E73656375726974792E6F61757468322E70726F76696465722E426173655265717565737436287A3EA37169BD0200034C0008636C69656E74496471007E000E4C001172657175657374506172616D657465727371007E00144C000573636F706571007E0016787074001065636F6D6D657263652D6D6963726F73737200256A6176612E7574696C2E436F6C6C656374696F6E7324556E6D6F6469666961626C654D6170F1A5A8FE74F507420200014C00016D71007E00147870737200116A6176612E7574696C2E486173684D61700507DAC1C31660D103000246000A6C6F6164466163746F724900097468726573686F6C6478703F400000000000037708000000040000000274000A6772616E745F7479706574000870617373776F7264740008757365726E616D657400047573657278737200256A6176612E7574696C2E436F6C6C656374696F6E7324556E6D6F6469666961626C65536574801D92D18F9B80550200007871007E0009737200176A6176612E7574696C2E4C696E6B656448617368536574D86CD75A95DD2A1E020000787200116A6176612E7574696C2E48617368536574BA44859596B8B7340300007870770C000000103F400000000000017400045245414478017371007E0025770C000000103F400000000000027371007E000D740009524F4C455F555345527371007E000D74000A524F4C455F41444D494E787371007E001C3F40000000000000770800000010000000007870707371007E0025770C000000103F4000000000000174000F6F61757468322D7265736F75726365787371007E0025770C000000103F40000000000000787372004F6F72672E737072696E676672616D65776F726B2E73656375726974792E61757468656E7469636174696F6E2E557365726E616D6550617373776F726441757468656E7469636174696F6E546F6B656E00000000000001FE0200024C000B63726564656E7469616C7371007E00054C00097072696E636970616C71007E00057871007E0003017371007E00077371007E000B0000000277040000000271007E000F71007E00117871007E0034737200176A6176612E7574696C2E4C696E6B6564486173684D617034C04E5C106CC0FB0200015A000B6163636573734F726465727871007E001C3F400000000000067708000000080000000271007E001E71007E001F71007E002071007E00217800707372002674622E6D6963726F2E6C6F67696E2E656E7469746965732E417574685573657244657461696C9F13425A0B50BC140200007872001C74622E6D6963726F2E6C6F67696E2E656E7469746965732E55736572FA22949B097F38B002000E5A00116163636F756E744E6F6E457870697265645A00106163636F756E744E6F6E4C6F636B65645A001563726564656E7469616C734E6F6E457870697265645A0007656E61626C65644C00076164647265737371007E000E4C0005656D61696C71007E000E4C0002696471007E000E4C0003696D6771007E000E4C00046E616D6571007E000E4C000870617373776F726471007E000E4C000570686F6E6571007E000E4C0005726F6C657371007E00084C00077375726E616D6571007E000E4C0008757365726E616D6571007E000E78700101010174002952756120646120496E646570656E64656E6369612C2052696F2054696E746F2C20343433352D3033397400216272756E6F6772616369616E6F2E7065726569726140686F746D61696C2E636F6D74002435636536363035342D333233302D346462302D616666622D33633034313735303766386174002E68747470733A2F2F72616E646F6D757365722E6D652F6170692F706F727472616974732F6D656E2F37382E6A70677400054272756E6F74003C243261243130245732616D345A4554363053447833775064784A6946753856726651647150734D593248394B7472577A2F7A596A706F75396A4148757400093931373134313235387372002F6F72672E68696265726E6174652E636F6C6C656374696F6E2E696E7465726E616C2E50657273697374656E744261673E6A0D30495F208F0200014C000362616771007E00087872003E6F72672E68696265726E6174652E636F6C6C656374696F6E2E696E7465726E616C2E416273747261637450657273697374656E74436F6C6C656374696F6E402CF80D58D552F202000B5A001B616C6C6F774C6F61644F7574736964655472616E73616374696F6E49000A63616368656453697A655A000564697274795A000E656C656D656E7452656D6F7665645A000B696E697469616C697A65645A000D697354656D7053657373696F6E4C00036B65797400164C6A6176612F696F2F53657269616C697A61626C653B4C00056F776E657271007E00054C0004726F6C6571007E000E4C001273657373696F6E466163746F72795575696471007E000E4C000E73746F726564536E617073686F7471007E0043787000FFFFFFFF0000010071007E003C7371007E00380101010171007E003A71007E003B71007E003C71007E003D71007E003E71007E003F71007E004071007E0044740007506572656972617400047573657274002274622E6D6963726F2E6C6F67696E2E656E7469746965732E557365722E726F6C6573707371007E000B000000017704000000017372001C74622E6D6963726F2E6C6F67696E2E656E7469746965732E526F6C65F3FAA307CF4734020200034C000269647400134C6A6176612F6C616E672F496E74656765723B4C00046E616D6571007E000E4C000B7065726D697373696F6E7371007E00087870737200116A6176612E6C616E672E496E746567657212E2A0A4F781873802000149000576616C7565787200106A6176612E6C616E672E4E756D62657286AC951D0B94E08B02000078700000000171007E00107371007E004100FFFFFFFF0000010071007E004F71007E004C74002874622E6D6963726F2E6C6F67696E2E656E7469746965732E526F6C652E7065726D697373696F6E73707371007E000B000000017704000000017372002274622E6D6963726F2E6C6F67696E2E656E7469746965732E5065726D697373696F6EA0EC1871191C89ED0200024C0002696471007E004B4C00046E616D6571007E000E78707371007E004D0000000271007E0012787371007E000B0000000177040000000171007E005478787371007E000B0000000177040000000171007E004C7871007E004671007E0047, '348d9bdc4f6e07c9132fc3673c7bdb88'),
	('7b9c6e05d857e3cd5d1024435854fb8d', '2e57ce648219dab8ffc652cca9f5900e', _binary 0xACED0005737200436F72672E737072696E676672616D65776F726B2E73656375726974792E6F61757468322E636F6D6D6F6E2E44656661756C744F4175746832416363657373546F6B656E0CB29E361B24FACE0200064C00156164646974696F6E616C496E666F726D6174696F6E74000F4C6A6176612F7574696C2F4D61703B4C000A65787069726174696F6E7400104C6A6176612F7574696C2F446174653B4C000C72656672657368546F6B656E74003F4C6F72672F737072696E676672616D65776F726B2F73656375726974792F6F61757468322F636F6D6D6F6E2F4F417574683252656672657368546F6B656E3B4C000573636F706574000F4C6A6176612F7574696C2F5365743B4C0009746F6B656E547970657400124C6A6176612F6C616E672F537472696E673B4C000576616C756571007E000578707372001E6A6176612E7574696C2E436F6C6C656374696F6E7324456D7074794D6170593614855ADCE7D002000078707372000E6A6176612E7574696C2E44617465686A81014B597419030000787077080000016B657736E5787372004C6F72672E737072696E676672616D65776F726B2E73656375726974792E6F61757468322E636F6D6D6F6E2E44656661756C744578706972696E674F417574683252656672657368546F6B656E2FDF47639DD0C9B70200014C000A65787069726174696F6E71007E0002787200446F72672E737072696E676672616D65776F726B2E73656375726974792E6F61757468322E636F6D6D6F6E2E44656661756C744F417574683252656672657368546F6B656E73E10E0A6354D45E0200014C000576616C756571007E0005787074002430393165383461392D653761662D346139302D623732382D3933383835333632313061367371007E000977080000016B65C3822278737200256A6176612E7574696C2E436F6C6C656374696F6E7324556E6D6F6469666961626C65536574801D92D18F9B80550200007872002C6A6176612E7574696C2E436F6C6C656374696F6E7324556E6D6F6469666961626C65436F6C6C656374696F6E19420080CB5EF71E0200014C0001637400164C6A6176612F7574696C2F436F6C6C656374696F6E3B7870737200176A6176612E7574696C2E4C696E6B656448617368536574D86CD75A95DD2A1E020000787200116A6176612E7574696C2E48617368536574BA44859596B8B7340300007870770C000000023F40000000000001740004524541447874000662656172657274002464333731363831312D316139662D343065332D613833312D666136373432376238643361, 'b', 'ecommerce-micros', _binary 0xACED0005737200416F72672E737072696E676672616D65776F726B2E73656375726974792E6F61757468322E70726F76696465722E4F417574683241757468656E7469636174696F6EBD400B02166252130200024C000D73746F7265645265717565737474003C4C6F72672F737072696E676672616D65776F726B2F73656375726974792F6F61757468322F70726F76696465722F4F4175746832526571756573743B4C00127573657241757468656E7469636174696F6E7400324C6F72672F737072696E676672616D65776F726B2F73656375726974792F636F72652F41757468656E7469636174696F6E3B787200476F72672E737072696E676672616D65776F726B2E73656375726974792E61757468656E7469636174696F6E2E416273747261637441757468656E7469636174696F6E546F6B656ED3AA287E6E47640E0200035A000D61757468656E746963617465644C000B617574686F7269746965737400164C6A6176612F7574696C2F436F6C6C656374696F6E3B4C000764657461696C737400124C6A6176612F6C616E672F4F626A6563743B787000737200266A6176612E7574696C2E436F6C6C656374696F6E7324556E6D6F6469666961626C654C697374FC0F2531B5EC8E100200014C00046C6973747400104C6A6176612F7574696C2F4C6973743B7872002C6A6176612E7574696C2E436F6C6C656374696F6E7324556E6D6F6469666961626C65436F6C6C656374696F6E19420080CB5EF71E0200014C00016371007E00047870737200136A6176612E7574696C2E41727261794C6973747881D21D99C7619D03000149000473697A65787000000002770400000002737200426F72672E737072696E676672616D65776F726B2E73656375726974792E636F72652E617574686F726974792E53696D706C654772616E746564417574686F7269747900000000000001FE0200014C0004726F6C657400124C6A6176612F6C616E672F537472696E673B7870740009524F4C455F555345527371007E000D74000C726561645F70726F66696C657871007E000C707372003A6F72672E737072696E676672616D65776F726B2E73656375726974792E6F61757468322E70726F76696465722E4F41757468325265717565737400000000000000010200075A0008617070726F7665644C000B617574686F72697469657371007E00044C000A657874656E73696F6E7374000F4C6A6176612F7574696C2F4D61703B4C000B726564697265637455726971007E000E4C00077265667265736874003B4C6F72672F737072696E676672616D65776F726B2F73656375726974792F6F61757468322F70726F76696465722F546F6B656E526571756573743B4C000B7265736F7572636549647374000F4C6A6176612F7574696C2F5365743B4C000D726573706F6E7365547970657371007E0016787200386F72672E737072696E676672616D65776F726B2E73656375726974792E6F61757468322E70726F76696465722E426173655265717565737436287A3EA37169BD0200034C0008636C69656E74496471007E000E4C001172657175657374506172616D657465727371007E00144C000573636F706571007E0016787074001065636F6D6D657263652D6D6963726F73737200256A6176612E7574696C2E436F6C6C656374696F6E7324556E6D6F6469666961626C654D6170F1A5A8FE74F507420200014C00016D71007E00147870737200116A6176612E7574696C2E486173684D61700507DAC1C31660D103000246000A6C6F6164466163746F724900097468726573686F6C6478703F400000000000037708000000040000000274000A6772616E745F7479706574000870617373776F7264740008757365726E616D657400016278737200256A6176612E7574696C2E436F6C6C656374696F6E7324556E6D6F6469666961626C65536574801D92D18F9B80550200007871007E0009737200176A6176612E7574696C2E4C696E6B656448617368536574D86CD75A95DD2A1E020000787200116A6176612E7574696C2E48617368536574BA44859596B8B7340300007870770C000000103F400000000000017400045245414478017371007E0025770C000000103F400000000000027371007E000D740009524F4C455F555345527371007E000D74000A524F4C455F41444D494E787371007E001C3F40000000000000770800000010000000007870707371007E0025770C000000103F4000000000000174000F6F61757468322D7265736F75726365787371007E0025770C000000103F40000000000000787372004F6F72672E737072696E676672616D65776F726B2E73656375726974792E61757468656E7469636174696F6E2E557365726E616D6550617373776F726441757468656E7469636174696F6E546F6B656E00000000000001FE0200024C000B63726564656E7469616C7371007E00054C00097072696E636970616C71007E00057871007E0003017371007E00077371007E000B0000000277040000000271007E000F71007E00117871007E0034737200176A6176612E7574696C2E4C696E6B6564486173684D617034C04E5C106CC0FB0200015A000B6163636573734F726465727871007E001C3F400000000000067708000000080000000271007E001E71007E001F71007E002071007E00217800707372002674622E6D6963726F2E6C6F67696E2E656E7469746965732E417574685573657244657461696C9F13425A0B50BC140200007872001C74622E6D6963726F2E6C6F67696E2E656E7469746965732E55736572FA22949B097F38B002000E5A00116163636F756E744E6F6E457870697265645A00106163636F756E744E6F6E4C6F636B65645A001563726564656E7469616C734E6F6E457870697265645A0007656E61626C65644C00076164647265737371007E000E4C0005656D61696C71007E000E4C0002696471007E000E4C0003696D6771007E000E4C00046E616D6571007E000E4C000870617373776F726471007E000E4C000570686F6E6571007E000E4C0005726F6C657371007E00084C00077375726E616D6571007E000E4C0008757365726E616D6571007E000E787001010101740001627400076240622E636F6D74002432323830646563612D323361662D343863362D613632652D363061376234396238626462707400016274003C24326124313024734234305255595A6C79356673616A7A6B76366A3675677A54454D65415A75746B69466A3847466F46326669546550576369633679740001627372002F6F72672E68696265726E6174652E636F6C6C656374696F6E2E696E7465726E616C2E50657273697374656E744261673E6A0D30495F208F0200014C000362616771007E00087872003E6F72672E68696265726E6174652E636F6C6C656374696F6E2E696E7465726E616C2E416273747261637450657273697374656E74436F6C6C656374696F6E402CF80D58D552F202000B5A001B616C6C6F774C6F61644F7574736964655472616E73616374696F6E49000A63616368656453697A655A000564697274795A000E656C656D656E7452656D6F7665645A000B696E697469616C697A65645A000D697354656D7053657373696F6E4C00036B65797400164C6A6176612F696F2F53657269616C697A61626C653B4C00056F776E657271007E00054C0004726F6C6571007E000E4C001273657373696F6E466163746F72795575696471007E000E4C000E73746F726564536E617073686F7471007E0042787000FFFFFFFF0000010071007E003C7371007E00380101010171007E003A71007E003B71007E003C7071007E003D71007E003E71007E003F71007E0043740001627400016274002274622E6D6963726F2E6C6F67696E2E656E7469746965732E557365722E726F6C6573707371007E000B000000017704000000017372001C74622E6D6963726F2E6C6F67696E2E656E7469746965732E526F6C65F3FAA307CF4734020200034C000269647400134C6A6176612F6C616E672F496E74656765723B4C00046E616D6571007E000E4C000B7065726D697373696F6E7371007E00087870737200116A6176612E6C616E672E496E746567657212E2A0A4F781873802000149000576616C7565787200106A6176612E6C616E672E4E756D62657286AC951D0B94E08B02000078700000000171007E00107371007E004000FFFFFFFF0000010071007E004E71007E004B74002874622E6D6963726F2E6C6F67696E2E656E7469746965732E526F6C652E7065726D697373696F6E73707371007E000B000000017704000000017372002274622E6D6963726F2E6C6F67696E2E656E7469746965732E5065726D697373696F6EA0EC1871191C89ED0200024C0002696471007E004A4C00046E616D6571007E000E78707371007E004C0000000271007E0012787371007E000B0000000177040000000171007E005378787371007E000B0000000177040000000171007E004B7871007E004571007E0046, '27ea4bffc165dc904d32af02cf0e107e'),
	('b1edb7987ea142ebaefd91c0f4c38f8b', '328dd4b3d1110552118b9234edf65050', _binary 0xACED0005737200436F72672E737072696E676672616D65776F726B2E73656375726974792E6F61757468322E636F6D6D6F6E2E44656661756C744F4175746832416363657373546F6B656E0CB29E361B24FACE0200064C00156164646974696F6E616C496E666F726D6174696F6E74000F4C6A6176612F7574696C2F4D61703B4C000A65787069726174696F6E7400104C6A6176612F7574696C2F446174653B4C000C72656672657368546F6B656E74003F4C6F72672F737072696E676672616D65776F726B2F73656375726974792F6F61757468322F636F6D6D6F6E2F4F417574683252656672657368546F6B656E3B4C000573636F706574000F4C6A6176612F7574696C2F5365743B4C0009746F6B656E547970657400124C6A6176612F6C616E672F537472696E673B4C000576616C756571007E000578707372001E6A6176612E7574696C2E436F6C6C656374696F6E7324456D7074794D6170593614855ADCE7D002000078707372000E6A6176612E7574696C2E44617465686A81014B597419030000787077080000016B6562744C787372004C6F72672E737072696E676672616D65776F726B2E73656375726974792E6F61757468322E636F6D6D6F6E2E44656661756C744578706972696E674F417574683252656672657368546F6B656E2FDF47639DD0C9B70200014C000A65787069726174696F6E71007E0002787200446F72672E737072696E676672616D65776F726B2E73656375726974792E6F61757468322E636F6D6D6F6E2E44656661756C744F417574683252656672657368546F6B656E73E10E0A6354D45E0200014C000576616C756571007E0005787074002435333334303461322D373831632D343439312D613638382D3338306364393833316666327371007E000977080000016B65542DB378737200256A6176612E7574696C2E436F6C6C656374696F6E7324556E6D6F6469666961626C65536574801D92D18F9B80550200007872002C6A6176612E7574696C2E436F6C6C656374696F6E7324556E6D6F6469666961626C65436F6C6C656374696F6E19420080CB5EF71E0200014C0001637400164C6A6176612F7574696C2F436F6C6C656374696F6E3B7870737200176A6176612E7574696C2E4C696E6B656448617368536574D86CD75A95DD2A1E020000787200116A6176612E7574696C2E48617368536574BA44859596B8B7340300007870770C000000023F40000000000001740004524541447874000662656172657274002430303239363165392D373230312D343736342D393630302D303135623061323939353639, 'a', 'ecommerce-micros', _binary 0xACED0005737200416F72672E737072696E676672616D65776F726B2E73656375726974792E6F61757468322E70726F76696465722E4F417574683241757468656E7469636174696F6EBD400B02166252130200024C000D73746F7265645265717565737474003C4C6F72672F737072696E676672616D65776F726B2F73656375726974792F6F61757468322F70726F76696465722F4F4175746832526571756573743B4C00127573657241757468656E7469636174696F6E7400324C6F72672F737072696E676672616D65776F726B2F73656375726974792F636F72652F41757468656E7469636174696F6E3B787200476F72672E737072696E676672616D65776F726B2E73656375726974792E61757468656E7469636174696F6E2E416273747261637441757468656E7469636174696F6E546F6B656ED3AA287E6E47640E0200035A000D61757468656E746963617465644C000B617574686F7269746965737400164C6A6176612F7574696C2F436F6C6C656374696F6E3B4C000764657461696C737400124C6A6176612F6C616E672F4F626A6563743B787000737200266A6176612E7574696C2E436F6C6C656374696F6E7324556E6D6F6469666961626C654C697374FC0F2531B5EC8E100200014C00046C6973747400104C6A6176612F7574696C2F4C6973743B7872002C6A6176612E7574696C2E436F6C6C656374696F6E7324556E6D6F6469666961626C65436F6C6C656374696F6E19420080CB5EF71E0200014C00016371007E00047870737200136A6176612E7574696C2E41727261794C6973747881D21D99C7619D03000149000473697A65787000000002770400000002737200426F72672E737072696E676672616D65776F726B2E73656375726974792E636F72652E617574686F726974792E53696D706C654772616E746564417574686F7269747900000000000001FE0200014C0004726F6C657400124C6A6176612F6C616E672F537472696E673B7870740009524F4C455F555345527371007E000D74000C726561645F70726F66696C657871007E000C707372003A6F72672E737072696E676672616D65776F726B2E73656375726974792E6F61757468322E70726F76696465722E4F41757468325265717565737400000000000000010200075A0008617070726F7665644C000B617574686F72697469657371007E00044C000A657874656E73696F6E7374000F4C6A6176612F7574696C2F4D61703B4C000B726564697265637455726971007E000E4C00077265667265736874003B4C6F72672F737072696E676672616D65776F726B2F73656375726974792F6F61757468322F70726F76696465722F546F6B656E526571756573743B4C000B7265736F7572636549647374000F4C6A6176612F7574696C2F5365743B4C000D726573706F6E7365547970657371007E0016787200386F72672E737072696E676672616D65776F726B2E73656375726974792E6F61757468322E70726F76696465722E426173655265717565737436287A3EA37169BD0200034C0008636C69656E74496471007E000E4C001172657175657374506172616D657465727371007E00144C000573636F706571007E0016787074001065636F6D6D657263652D6D6963726F73737200256A6176612E7574696C2E436F6C6C656374696F6E7324556E6D6F6469666961626C654D6170F1A5A8FE74F507420200014C00016D71007E00147870737200116A6176612E7574696C2E486173684D61700507DAC1C31660D103000246000A6C6F6164466163746F724900097468726573686F6C6478703F400000000000037708000000040000000274000A6772616E745F7479706574000870617373776F7264740008757365726E616D657400016178737200256A6176612E7574696C2E436F6C6C656374696F6E7324556E6D6F6469666961626C65536574801D92D18F9B80550200007871007E0009737200176A6176612E7574696C2E4C696E6B656448617368536574D86CD75A95DD2A1E020000787200116A6176612E7574696C2E48617368536574BA44859596B8B7340300007870770C000000103F400000000000017400045245414478017371007E0025770C000000103F400000000000027371007E000D740009524F4C455F555345527371007E000D74000A524F4C455F41444D494E787371007E001C3F40000000000000770800000010000000007870707371007E0025770C000000103F4000000000000174000F6F61757468322D7265736F75726365787371007E0025770C000000103F40000000000000787372004F6F72672E737072696E676672616D65776F726B2E73656375726974792E61757468656E7469636174696F6E2E557365726E616D6550617373776F726441757468656E7469636174696F6E546F6B656E00000000000001FE0200024C000B63726564656E7469616C7371007E00054C00097072696E636970616C71007E00057871007E0003017371007E00077371007E000B0000000277040000000271007E000F71007E00117871007E0034737200176A6176612E7574696C2E4C696E6B6564486173684D617034C04E5C106CC0FB0200015A000B6163636573734F726465727871007E001C3F400000000000067708000000080000000271007E001E71007E001F71007E002071007E00217800707372002674622E6D6963726F2E6C6F67696E2E656E7469746965732E417574685573657244657461696C9F13425A0B50BC140200007872001C74622E6D6963726F2E6C6F67696E2E656E7469746965732E55736572FA22949B097F38B002000E5A00116163636F756E744E6F6E457870697265645A00106163636F756E744E6F6E4C6F636B65645A001563726564656E7469616C734E6F6E457870697265645A0007656E61626C65644C00076164647265737371007E000E4C0005656D61696C71007E000E4C0002696471007E000E4C0003696D6771007E000E4C00046E616D6571007E000E4C000870617373776F726471007E000E4C000570686F6E6571007E000E4C0005726F6C657371007E00084C00077375726E616D6571007E000E4C0008757365726E616D6571007E000E787001010101740001617400016174002436346531393566382D343236322D346636322D623631622D37303830666664326465396174000074000652617175656C74003C243261243130244E747137785434696C504F694639762F6E33425932656768552E6B74344C4258797062314A717449464E335861615947496A5A4253740001617372002F6F72672E68696265726E6174652E636F6C6C656374696F6E2E696E7465726E616C2E50657273697374656E744261673E6A0D30495F208F0200014C000362616771007E00087872003E6F72672E68696265726E6174652E636F6C6C656374696F6E2E696E7465726E616C2E416273747261637450657273697374656E74436F6C6C656374696F6E402CF80D58D552F202000B5A001B616C6C6F774C6F61644F7574736964655472616E73616374696F6E49000A63616368656453697A655A000564697274795A000E656C656D656E7452656D6F7665645A000B696E697469616C697A65645A000D697354656D7053657373696F6E4C00036B65797400164C6A6176612F696F2F53657269616C697A61626C653B4C00056F776E657271007E00054C0004726F6C6571007E000E4C001273657373696F6E466163746F72795575696471007E000E4C000E73746F726564536E617073686F7471007E0043787000FFFFFFFF0000010071007E003C7371007E00380101010171007E003A71007E003B71007E003C71007E003D71007E003E71007E003F71007E004071007E004474000553696C76617400016174002274622E6D6963726F2E6C6F67696E2E656E7469746965732E557365722E726F6C6573707371007E000B000000017704000000017372001C74622E6D6963726F2E6C6F67696E2E656E7469746965732E526F6C65F3FAA307CF4734020200034C000269647400134C6A6176612F6C616E672F496E74656765723B4C00046E616D6571007E000E4C000B7065726D697373696F6E7371007E00087870737200116A6176612E6C616E672E496E746567657212E2A0A4F781873802000149000576616C7565787200106A6176612E6C616E672E4E756D62657286AC951D0B94E08B02000078700000000171007E00107371007E004100FFFFFFFF0000010071007E004F71007E004C74002874622E6D6963726F2E6C6F67696E2E656E7469746965732E526F6C652E7065726D697373696F6E73707371007E000B000000017704000000017372002274622E6D6963726F2E6C6F67696E2E656E7469746965732E5065726D697373696F6EA0EC1871191C89ED0200024C0002696471007E004B4C00046E616D6571007E000E78707371007E004D0000000271007E0012787371007E000B0000000177040000000171007E005478787371007E000B0000000177040000000171007E004C7871007E004671007E0047, 'e1e4fb543cd09a145a377aa3270e872e'),
	('fcf270f997c04d6e52f6d6373309aa18', '8483fefcd8e4b08eff6584e3a2e8b1f6', _binary 0xACED0005737200436F72672E737072696E676672616D65776F726B2E73656375726974792E6F61757468322E636F6D6D6F6E2E44656661756C744F4175746832416363657373546F6B656E0CB29E361B24FACE0200064C00156164646974696F6E616C496E666F726D6174696F6E74000F4C6A6176612F7574696C2F4D61703B4C000A65787069726174696F6E7400104C6A6176612F7574696C2F446174653B4C000C72656672657368546F6B656E74003F4C6F72672F737072696E676672616D65776F726B2F73656375726974792F6F61757468322F636F6D6D6F6E2F4F417574683252656672657368546F6B656E3B4C000573636F706574000F4C6A6176612F7574696C2F5365743B4C0009746F6B656E547970657400124C6A6176612F6C616E672F537472696E673B4C000576616C756571007E000578707372001E6A6176612E7574696C2E436F6C6C656374696F6E7324456D7074794D6170593614855ADCE7D002000078707372000E6A6176612E7574696C2E44617465686A81014B597419030000787077080000016B9B48E4D6787372004C6F72672E737072696E676672616D65776F726B2E73656375726974792E6F61757468322E636F6D6D6F6E2E44656661756C744578706972696E674F417574683252656672657368546F6B656E2FDF47639DD0C9B70200014C000A65787069726174696F6E71007E0002787200446F72672E737072696E676672616D65776F726B2E73656375726974792E6F61757468322E636F6D6D6F6E2E44656661756C744F417574683252656672657368546F6B656E73E10E0A6354D45E0200014C000576616C756571007E0005787074002436303964666562652D653261622D343039632D626666612D3439313738653063326263667371007E000977080000016B9B3CDB5778737200256A6176612E7574696C2E436F6C6C656374696F6E7324556E6D6F6469666961626C65536574801D92D18F9B80550200007872002C6A6176612E7574696C2E436F6C6C656374696F6E7324556E6D6F6469666961626C65436F6C6C656374696F6E19420080CB5EF71E0200014C0001637400164C6A6176612F7574696C2F436F6C6C656374696F6E3B7870737200176A6176612E7574696C2E4C696E6B656448617368536574D86CD75A95DD2A1E020000787200116A6176612E7574696C2E48617368536574BA44859596B8B7340300007870770C000000103F40000000000001740004524541447874000662656172657274002431613337323339332D373063632D346263322D386332362D626165336462643166303438, 'admin', 'ecommerce-micros', _binary 0xACED0005737200416F72672E737072696E676672616D65776F726B2E73656375726974792E6F61757468322E70726F76696465722E4F417574683241757468656E7469636174696F6EBD400B02166252130200024C000D73746F7265645265717565737474003C4C6F72672F737072696E676672616D65776F726B2F73656375726974792F6F61757468322F70726F76696465722F4F4175746832526571756573743B4C00127573657241757468656E7469636174696F6E7400324C6F72672F737072696E676672616D65776F726B2F73656375726974792F636F72652F41757468656E7469636174696F6E3B787200476F72672E737072696E676672616D65776F726B2E73656375726974792E61757468656E7469636174696F6E2E416273747261637441757468656E7469636174696F6E546F6B656ED3AA287E6E47640E0200035A000D61757468656E746963617465644C000B617574686F7269746965737400164C6A6176612F7574696C2F436F6C6C656374696F6E3B4C000764657461696C737400124C6A6176612F6C616E672F4F626A6563743B787000737200266A6176612E7574696C2E436F6C6C656374696F6E7324556E6D6F6469666961626C654C697374FC0F2531B5EC8E100200014C00046C6973747400104C6A6176612F7574696C2F4C6973743B7872002C6A6176612E7574696C2E436F6C6C656374696F6E7324556E6D6F6469666961626C65436F6C6C656374696F6E19420080CB5EF71E0200014C00016371007E00047870737200136A6176612E7574696C2E41727261794C6973747881D21D99C7619D03000149000473697A65787000000002770400000002737200426F72672E737072696E676672616D65776F726B2E73656375726974792E636F72652E617574686F726974792E53696D706C654772616E746564417574686F7269747900000000000001FE0200014C0004726F6C657400124C6A6176612F6C616E672F537472696E673B787074000A524F4C455F41444D494E7371007E000D74000C726561645F70726F66696C657871007E000C707372003A6F72672E737072696E676672616D65776F726B2E73656375726974792E6F61757468322E70726F76696465722E4F41757468325265717565737400000000000000010200075A0008617070726F7665644C000B617574686F72697469657371007E00044C000A657874656E73696F6E7374000F4C6A6176612F7574696C2F4D61703B4C000B726564697265637455726971007E000E4C00077265667265736874003B4C6F72672F737072696E676672616D65776F726B2F73656375726974792F6F61757468322F70726F76696465722F546F6B656E526571756573743B4C000B7265736F7572636549647374000F4C6A6176612F7574696C2F5365743B4C000D726573706F6E7365547970657371007E0016787200386F72672E737072696E676672616D65776F726B2E73656375726974792E6F61757468322E70726F76696465722E426173655265717565737436287A3EA37169BD0200034C0008636C69656E74496471007E000E4C001172657175657374506172616D657465727371007E00144C000573636F706571007E0016787074001065636F6D6D657263652D6D6963726F73737200256A6176612E7574696C2E436F6C6C656374696F6E7324556E6D6F6469666961626C654D6170F1A5A8FE74F507420200014C00016D71007E00147870737200116A6176612E7574696C2E486173684D61700507DAC1C31660D103000246000A6C6F6164466163746F724900097468726573686F6C6478703F400000000000037708000000040000000274000A6772616E745F7479706574000870617373776F7264740008757365726E616D6574000561646D696E78737200256A6176612E7574696C2E436F6C6C656374696F6E7324556E6D6F6469666961626C65536574801D92D18F9B80550200007871007E0009737200176A6176612E7574696C2E4C696E6B656448617368536574D86CD75A95DD2A1E020000787200116A6176612E7574696C2E48617368536574BA44859596B8B7340300007870770C000000103F400000000000017400045245414478017371007E0025770C000000103F400000000000027371007E000D740009524F4C455F555345527371007E000D74000A524F4C455F41444D494E787371007E001C3F40000000000000770800000010000000007870707371007E0025770C000000103F4000000000000174000F6F61757468322D7265736F75726365787371007E0025770C000000103F40000000000000787372004F6F72672E737072696E676672616D65776F726B2E73656375726974792E61757468656E7469636174696F6E2E557365726E616D6550617373776F726441757468656E7469636174696F6E546F6B656E00000000000001FE0200024C000B63726564656E7469616C7371007E00054C00097072696E636970616C71007E00057871007E0003017371007E00077371007E000B0000000277040000000271007E000F71007E00117871007E0034737200176A6176612E7574696C2E4C696E6B6564486173684D617034C04E5C106CC0FB0200015A000B6163636573734F726465727871007E001C3F400000000000067708000000080000000271007E001E71007E001F71007E002071007E00217800707372002674622E6D6963726F2E6C6F67696E2E656E7469746965732E417574685573657244657461696C9F13425A0B50BC140200007872001C74622E6D6963726F2E6C6F67696E2E656E7469746965732E55736572FA22949B097F38B002000E5A00116163636F756E744E6F6E457870697265645A00106163636F756E744E6F6E4C6F636B65645A001563726564656E7469616C734E6F6E457870697265645A0007656E61626C65644C00076164647265737371007E000E4C0005656D61696C71007E000E4C0002696471007E000E4C0003696D6771007E000E4C00046E616D6571007E000E4C000870617373776F726471007E000E4C000570686F6E6571007E000E4C0005726F6C657371007E00084C00077375726E616D6571007E000E4C0008757365726E616D6571007E000E78700101010174002952756120646120496E646570656E64656E6369612C2052696F2054696E746F2C20343433352D30333974000C616E614074657374652E707474002436356532643365342D623533652D346532362D613237362D31656637376665663463393674003068747470733A2F2F72616E646F6D757365722E6D652F6170692F706F727472616974732F776F6D656E2F38352E6A7067740003416E6174003C2432612431302473595656425151674156695A626748717244423874754D3475554F6C616D30483668644B54726A78587578575679334A67667979577400093931373134313235387372002F6F72672E68696265726E6174652E636F6C6C656374696F6E2E696E7465726E616C2E50657273697374656E744261673E6A0D30495F208F0200014C000362616771007E00087872003E6F72672E68696265726E6174652E636F6C6C656374696F6E2E696E7465726E616C2E416273747261637450657273697374656E74436F6C6C656374696F6E402CF80D58D552F202000B5A001B616C6C6F774C6F61644F7574736964655472616E73616374696F6E49000A63616368656453697A655A000564697274795A000E656C656D656E7452656D6F7665645A000B696E697469616C697A65645A000D697354656D7053657373696F6E4C00036B65797400164C6A6176612F696F2F53657269616C697A61626C653B4C00056F776E657271007E00054C0004726F6C6571007E000E4C001273657373696F6E466163746F72795575696471007E000E4C000E73746F726564536E617073686F7471007E0043787000FFFFFFFF0000010071007E003C7371007E00380101010171007E003A71007E003B71007E003C71007E003D71007E003E71007E003F71007E004071007E00447400075065726569726174000561646D696E74002274622E6D6963726F2E6C6F67696E2E656E7469746965732E557365722E726F6C6573707371007E000B000000017704000000017372001C74622E6D6963726F2E6C6F67696E2E656E7469746965732E526F6C65F3FAA307CF4734020200034C000269647400134C6A6176612F6C616E672F496E74656765723B4C00046E616D6571007E000E4C000B7065726D697373696F6E7371007E00087870737200116A6176612E6C616E672E496E746567657212E2A0A4F781873802000149000576616C7565787200106A6176612E6C616E672E4E756D62657286AC951D0B94E08B02000078700000000271007E00107371007E004100FFFFFFFF0000010071007E004F71007E004C74002874622E6D6963726F2E6C6F67696E2E656E7469746965732E526F6C652E7065726D697373696F6E73707371007E000B000000017704000000017372002274622E6D6963726F2E6C6F67696E2E656E7469746965732E5065726D697373696F6EA0EC1871191C89ED0200024C0002696471007E004B4C00046E616D6571007E000E787071007E004F71007E0012787371007E000B0000000177040000000171007E005478787371007E000B0000000177040000000171007E004C7871007E004671007E0047, 'fa8b8b334efd4ae380e106395251e28b');
/*!40000 ALTER TABLE `oauth_access_token` ENABLE KEYS */;

-- Dumping structure for table tb-micro-login.oauth_client_details
CREATE TABLE IF NOT EXISTS `oauth_client_details` (
  `client_id` varchar(255) NOT NULL,
  `client_secret` varchar(255) DEFAULT NULL,
  `web_server_redirect_uri` varchar(2048) DEFAULT NULL,
  `scope` varchar(255) DEFAULT NULL,
  `access_token_validity` int(11) DEFAULT NULL,
  `refresh_token_validity` int(11) DEFAULT NULL,
  `resource_ids` varchar(1024) DEFAULT NULL,
  `authorized_grant_types` varchar(1024) DEFAULT NULL,
  `authorities` varchar(1024) DEFAULT NULL,
  `autoapprove` varchar(255) DEFAULT NULL,
  `additional_information` varchar(4096) DEFAULT NULL,
  PRIMARY KEY (`client_id`)
) ENGINE=InnoDB DEFAULT CHARSET=latin1;

-- Dumping data for table tb-micro-login.oauth_client_details: ~0 rows (approximately)
/*!40000 ALTER TABLE `oauth_client_details` DISABLE KEYS */;
INSERT INTO `oauth_client_details` (`client_id`, `client_secret`, `web_server_redirect_uri`, `scope`, `access_token_validity`, `refresh_token_validity`, `resource_ids`, `authorized_grant_types`, `authorities`, `autoapprove`, `additional_information`) VALUES
	('ecommerce-micros', '$2a$10$OFL6M561so.Jh7WXhqTQFu75L24rqjXiyFBGwW/9dz7R9PjzGS/km', 'http://localhost:8087/code', 'READ', 5000, 10000, 'oauth2-resource', 'authorization_code,password,refresh_token,implicit', 'ROLE_ADMIN, ROLE_USER', '', '');
/*!40000 ALTER TABLE `oauth_client_details` ENABLE KEYS */;

-- Dumping structure for table tb-micro-login.oauth_refresh_token
CREATE TABLE IF NOT EXISTS `oauth_refresh_token` (
  `token_id` varchar(256) NOT NULL,
  `token` mediumblob NOT NULL,
  `authentication` mediumblob NOT NULL
) ENGINE=InnoDB DEFAULT CHARSET=latin1;

-- Dumping data for table tb-micro-login.oauth_refresh_token: ~6 rows (approximately)
/*!40000 ALTER TABLE `oauth_refresh_token` DISABLE KEYS */;
INSERT INTO `oauth_refresh_token` (`token_id`, `token`, `authentication`) VALUES
	('33e66a4b2f2bac13e7fb8f4bb7ee68ab', _binary 0xACED00057372004C6F72672E737072696E676672616D65776F726B2E73656375726974792E6F61757468322E636F6D6D6F6E2E44656661756C744578706972696E674F417574683252656672657368546F6B656E2FDF47639DD0C9B70200014C000A65787069726174696F6E7400104C6A6176612F7574696C2F446174653B787200446F72672E737072696E676672616D65776F726B2E73656375726974792E6F61757468322E636F6D6D6F6E2E44656661756C744F417574683252656672657368546F6B656E73E10E0A6354D45E0200014C000576616C75657400124C6A6176612F6C616E672F537472696E673B787074002465303232376631352D393131322D343465322D626336302D3231653539373433386333637372000E6A6176612E7574696C2E44617465686A81014B5974190300007870770800000169A65D31C078, _binary 0xACED0005737200416F72672E737072696E676672616D65776F726B2E73656375726974792E6F61757468322E70726F76696465722E4F417574683241757468656E7469636174696F6EBD400B02166252130200024C000D73746F7265645265717565737474003C4C6F72672F737072696E676672616D65776F726B2F73656375726974792F6F61757468322F70726F76696465722F4F4175746832526571756573743B4C00127573657241757468656E7469636174696F6E7400324C6F72672F737072696E676672616D65776F726B2F73656375726974792F636F72652F41757468656E7469636174696F6E3B787200476F72672E737072696E676672616D65776F726B2E73656375726974792E61757468656E7469636174696F6E2E416273747261637441757468656E7469636174696F6E546F6B656ED3AA287E6E47640E0200035A000D61757468656E746963617465644C000B617574686F7269746965737400164C6A6176612F7574696C2F436F6C6C656374696F6E3B4C000764657461696C737400124C6A6176612F6C616E672F4F626A6563743B787000737200266A6176612E7574696C2E436F6C6C656374696F6E7324556E6D6F6469666961626C654C697374FC0F2531B5EC8E100200014C00046C6973747400104C6A6176612F7574696C2F4C6973743B7872002C6A6176612E7574696C2E436F6C6C656374696F6E7324556E6D6F6469666961626C65436F6C6C656374696F6E19420080CB5EF71E0200014C00016371007E00047870737200136A6176612E7574696C2E41727261794C6973747881D21D99C7619D03000149000473697A65787000000002770400000002737200426F72672E737072696E676672616D65776F726B2E73656375726974792E636F72652E617574686F726974792E53696D706C654772616E746564417574686F7269747900000000000001FE0200014C0004726F6C657400124C6A6176612F6C616E672F537472696E673B7870740009524F4C455F555345527371007E000D74000C726561645F70726F66696C657871007E000C707372003A6F72672E737072696E676672616D65776F726B2E73656375726974792E6F61757468322E70726F76696465722E4F41757468325265717565737400000000000000010200075A0008617070726F7665644C000B617574686F72697469657371007E00044C000A657874656E73696F6E7374000F4C6A6176612F7574696C2F4D61703B4C000B726564697265637455726971007E000E4C00077265667265736874003B4C6F72672F737072696E676672616D65776F726B2F73656375726974792F6F61757468322F70726F76696465722F546F6B656E526571756573743B4C000B7265736F7572636549647374000F4C6A6176612F7574696C2F5365743B4C000D726573706F6E7365547970657371007E0016787200386F72672E737072696E676672616D65776F726B2E73656375726974792E6F61757468322E70726F76696465722E426173655265717565737436287A3EA37169BD0200034C0008636C69656E74496471007E000E4C001172657175657374506172616D657465727371007E00144C000573636F706571007E0016787074001065636F6D6D657263652D6D6963726F73737200256A6176612E7574696C2E436F6C6C656374696F6E7324556E6D6F6469666961626C654D6170F1A5A8FE74F507420200014C00016D71007E00147870737200116A6176612E7574696C2E486173684D61700507DAC1C31660D103000246000A6C6F6164466163746F724900097468726573686F6C6478703F400000000000037708000000040000000274000A6772616E745F7479706574000870617373776F7264740008757365726E616D657400047573657278737200256A6176612E7574696C2E436F6C6C656374696F6E7324556E6D6F6469666961626C65536574801D92D18F9B80550200007871007E0009737200176A6176612E7574696C2E4C696E6B656448617368536574D86CD75A95DD2A1E020000787200116A6176612E7574696C2E48617368536574BA44859596B8B7340300007870770C000000103F400000000000017400045245414478017371007E0025770C000000103F400000000000027371007E000D740009524F4C455F555345527371007E000D74000A524F4C455F41444D494E787371007E001C3F40000000000000770800000010000000007870707371007E0025770C000000103F4000000000000174000F6F61757468322D7265736F75726365787371007E0025770C000000103F40000000000000787372004F6F72672E737072696E676672616D65776F726B2E73656375726974792E61757468656E7469636174696F6E2E557365726E616D6550617373776F726441757468656E7469636174696F6E546F6B656E00000000000001FE0200024C000B63726564656E7469616C7371007E00054C00097072696E636970616C71007E00057871007E0003017371007E00077371007E000B0000000277040000000271007E000F71007E00117871007E0034737200176A6176612E7574696C2E4C696E6B6564486173684D617034C04E5C106CC0FB0200015A000B6163636573734F726465727871007E001C3F400000000000067708000000080000000271007E001E71007E001F71007E002071007E00217800707372002674622E6D6963726F2E6C6F67696E2E656E7469746965732E417574685573657244657461696C9F13425A0B50BC140200007872001C74622E6D6963726F2E6C6F67696E2E656E7469746965732E55736572E71482E2F57D095D02000D5A00116163636F756E744E6F6E457870697265645A00106163636F756E744E6F6E4C6F636B65645A001563726564656E7469616C734E6F6E457870697265645A0007656E61626C65644C00076164647265737371007E000E4C0005656D61696C71007E000E4C0002696471007E000E4C00046E616D6571007E000E4C000870617373776F726471007E000E4C000570686F6E6571007E000E4C0005726F6C657371007E00084C00077375726E616D6571007E000E4C0008757365726E616D6571007E000E78700101010174002952756120646120496E646570656E64656E6369612C2052696F2054696E746F2C20343433352D3033397400216272756E6F6772616369616E6F2E7065726569726140686F746D61696C2E636F6D74002435636536363035342D333233302D346462302D616666622D3363303431373530376638617400054272756E6F74003C243261243130245732616D345A4554363053447833775064784A6946753856726651647150734D593248394B7472577A2F7A596A706F75396A4148757400093931373134313235387372002F6F72672E68696265726E6174652E636F6C6C656374696F6E2E696E7465726E616C2E50657273697374656E744261673E6A0D30495F208F0200014C000362616771007E00087872003E6F72672E68696265726E6174652E636F6C6C656374696F6E2E696E7465726E616C2E416273747261637450657273697374656E74436F6C6C656374696F6E402CF80D58D552F202000B5A001B616C6C6F774C6F61644F7574736964655472616E73616374696F6E49000A63616368656453697A655A000564697274795A000E656C656D656E7452656D6F7665645A000B696E697469616C697A65645A000D697354656D7053657373696F6E4C00036B65797400164C6A6176612F696F2F53657269616C697A61626C653B4C00056F776E657271007E00054C0004726F6C6571007E000E4C001273657373696F6E466163746F72795575696471007E000E4C000E73746F726564536E617073686F7471007E0042787000FFFFFFFF0000010071007E003C7371007E00380101010171007E003A71007E003B71007E003C71007E003D71007E003E71007E003F71007E0043740007506572656972617400047573657274002274622E6D6963726F2E6C6F67696E2E656E7469746965732E557365722E726F6C6573707371007E000B000000017704000000017372001C74622E6D6963726F2E6C6F67696E2E656E7469746965732E526F6C65F3FAA307CF4734020200034C000269647400134C6A6176612F6C616E672F496E74656765723B4C00046E616D6571007E000E4C000B7065726D697373696F6E7371007E00087870737200116A6176612E6C616E672E496E746567657212E2A0A4F781873802000149000576616C7565787200106A6176612E6C616E672E4E756D62657286AC951D0B94E08B02000078700000000171007E00107371007E004000FFFFFFFF0000010071007E004E71007E004B74002874622E6D6963726F2E6C6F67696E2E656E7469746965732E526F6C652E7065726D697373696F6E73707371007E000B000000017704000000017372002274622E6D6963726F2E6C6F67696E2E656E7469746965732E5065726D697373696F6EA0EC1871191C89ED0200024C0002696471007E004A4C00046E616D6571007E000E78707371007E004C0000000271007E0012787371007E000B0000000177040000000171007E005378787371007E000B0000000177040000000171007E004B7871007E004571007E0046),
	('778ea5c39afd9450aeb79cf5eef35dea', _binary 0xACED00057372004C6F72672E737072696E676672616D65776F726B2E73656375726974792E6F61757468322E636F6D6D6F6E2E44656661756C744578706972696E674F417574683252656672657368546F6B656E2FDF47639DD0C9B70200014C000A65787069726174696F6E7400104C6A6176612F7574696C2F446174653B787200446F72672E737072696E676672616D65776F726B2E73656375726974792E6F61757468322E636F6D6D6F6E2E44656661756C744F417574683252656672657368546F6B656E73E10E0A6354D45E0200014C000576616C75657400124C6A6176612F6C616E672F537472696E673B787074002461613431666133362D323332662D346432362D393533662D3762626631626131666236307372000E6A6176612E7574696C2E44617465686A81014B5974190300007870770800000169AC8624D478, _binary 0xACED0005737200416F72672E737072696E676672616D65776F726B2E73656375726974792E6F61757468322E70726F76696465722E4F417574683241757468656E7469636174696F6EBD400B02166252130200024C000D73746F7265645265717565737474003C4C6F72672F737072696E676672616D65776F726B2F73656375726974792F6F61757468322F70726F76696465722F4F4175746832526571756573743B4C00127573657241757468656E7469636174696F6E7400324C6F72672F737072696E676672616D65776F726B2F73656375726974792F636F72652F41757468656E7469636174696F6E3B787200476F72672E737072696E676672616D65776F726B2E73656375726974792E61757468656E7469636174696F6E2E416273747261637441757468656E7469636174696F6E546F6B656ED3AA287E6E47640E0200035A000D61757468656E746963617465644C000B617574686F7269746965737400164C6A6176612F7574696C2F436F6C6C656374696F6E3B4C000764657461696C737400124C6A6176612F6C616E672F4F626A6563743B787000737200266A6176612E7574696C2E436F6C6C656374696F6E7324556E6D6F6469666961626C654C697374FC0F2531B5EC8E100200014C00046C6973747400104C6A6176612F7574696C2F4C6973743B7872002C6A6176612E7574696C2E436F6C6C656374696F6E7324556E6D6F6469666961626C65436F6C6C656374696F6E19420080CB5EF71E0200014C00016371007E00047870737200136A6176612E7574696C2E41727261794C6973747881D21D99C7619D03000149000473697A65787000000002770400000002737200426F72672E737072696E676672616D65776F726B2E73656375726974792E636F72652E617574686F726974792E53696D706C654772616E746564417574686F7269747900000000000001FE0200014C0004726F6C657400124C6A6176612F6C616E672F537472696E673B787074000A524F4C455F41444D494E7371007E000D74000C726561645F70726F66696C657871007E000C707372003A6F72672E737072696E676672616D65776F726B2E73656375726974792E6F61757468322E70726F76696465722E4F41757468325265717565737400000000000000010200075A0008617070726F7665644C000B617574686F72697469657371007E00044C000A657874656E73696F6E7374000F4C6A6176612F7574696C2F4D61703B4C000B726564697265637455726971007E000E4C00077265667265736874003B4C6F72672F737072696E676672616D65776F726B2F73656375726974792F6F61757468322F70726F76696465722F546F6B656E526571756573743B4C000B7265736F7572636549647374000F4C6A6176612F7574696C2F5365743B4C000D726573706F6E7365547970657371007E0016787200386F72672E737072696E676672616D65776F726B2E73656375726974792E6F61757468322E70726F76696465722E426173655265717565737436287A3EA37169BD0200034C0008636C69656E74496471007E000E4C001172657175657374506172616D657465727371007E00144C000573636F706571007E0016787074001065636F6D6D657263652D6D6963726F73737200256A6176612E7574696C2E436F6C6C656374696F6E7324556E6D6F6469666961626C654D6170F1A5A8FE74F507420200014C00016D71007E00147870737200116A6176612E7574696C2E486173684D61700507DAC1C31660D103000246000A6C6F6164466163746F724900097468726573686F6C6478703F400000000000037708000000040000000274000A6772616E745F7479706574000870617373776F7264740008757365726E616D6574000561646D696E78737200256A6176612E7574696C2E436F6C6C656374696F6E7324556E6D6F6469666961626C65536574801D92D18F9B80550200007871007E0009737200176A6176612E7574696C2E4C696E6B656448617368536574D86CD75A95DD2A1E020000787200116A6176612E7574696C2E48617368536574BA44859596B8B7340300007870770C000000103F400000000000017400045245414478017371007E0025770C000000103F400000000000027371007E000D740009524F4C455F555345527371007E000D74000A524F4C455F41444D494E787371007E001C3F40000000000000770800000010000000007870707371007E0025770C000000103F4000000000000174000F6F61757468322D7265736F75726365787371007E0025770C000000103F40000000000000787372004F6F72672E737072696E676672616D65776F726B2E73656375726974792E61757468656E7469636174696F6E2E557365726E616D6550617373776F726441757468656E7469636174696F6E546F6B656E00000000000001FE0200024C000B63726564656E7469616C7371007E00054C00097072696E636970616C71007E00057871007E0003017371007E00077371007E000B0000000277040000000271007E000F71007E00117871007E0034737200176A6176612E7574696C2E4C696E6B6564486173684D617034C04E5C106CC0FB0200015A000B6163636573734F726465727871007E001C3F400000000000067708000000080000000271007E001E71007E001F71007E002071007E00217800707372002674622E6D6963726F2E6C6F67696E2E656E7469746965732E417574685573657244657461696C9F13425A0B50BC140200007872001C74622E6D6963726F2E6C6F67696E2E656E7469746965732E55736572E71482E2F57D095D02000D5A00116163636F756E744E6F6E457870697265645A00106163636F756E744E6F6E4C6F636B65645A001563726564656E7469616C734E6F6E457870697265645A0007656E61626C65644C00076164647265737371007E000E4C0005656D61696C71007E000E4C0002696471007E000E4C00046E616D6571007E000E4C000870617373776F726471007E000E4C000570686F6E6571007E000E4C0005726F6C657371007E00084C00077375726E616D6571007E000E4C0008757365726E616D6571007E000E78700101010174002952756120646120496E646570656E64656E6369612C2052696F2054696E746F2C20343433352D3033397400216272756E6F6772616369616E6F2E7065726569726140686F746D61696C2E636F6D74002436356532643365342D623533652D346532362D613237362D3165663737666566346339367400054272756E6F74003C24326124313024794D7034424662342F3433467855555064566578344F746E4E4169476B72326D5539654E535666716335446B416E4E2F6E4D6E6D537400093931373134313235387372002F6F72672E68696265726E6174652E636F6C6C656374696F6E2E696E7465726E616C2E50657273697374656E744261673E6A0D30495F208F0200014C000362616771007E00087872003E6F72672E68696265726E6174652E636F6C6C656374696F6E2E696E7465726E616C2E416273747261637450657273697374656E74436F6C6C656374696F6E402CF80D58D552F202000B5A001B616C6C6F774C6F61644F7574736964655472616E73616374696F6E49000A63616368656453697A655A000564697274795A000E656C656D656E7452656D6F7665645A000B696E697469616C697A65645A000D697354656D7053657373696F6E4C00036B65797400164C6A6176612F696F2F53657269616C697A61626C653B4C00056F776E657271007E00054C0004726F6C6571007E000E4C001273657373696F6E466163746F72795575696471007E000E4C000E73746F726564536E617073686F7471007E0042787000FFFFFFFF0000010071007E003C7371007E00380101010171007E003A71007E003B71007E003C71007E003D71007E003E71007E003F71007E00437400075065726569726174000561646D696E74002274622E6D6963726F2E6C6F67696E2E656E7469746965732E557365722E726F6C6573707371007E000B000000017704000000017372001C74622E6D6963726F2E6C6F67696E2E656E7469746965732E526F6C65F3FAA307CF4734020200034C000269647400134C6A6176612F6C616E672F496E74656765723B4C00046E616D6571007E000E4C000B7065726D697373696F6E7371007E00087870737200116A6176612E6C616E672E496E746567657212E2A0A4F781873802000149000576616C7565787200106A6176612E6C616E672E4E756D62657286AC951D0B94E08B02000078700000000271007E00107371007E004000FFFFFFFF0000010071007E004E71007E004B74002874622E6D6963726F2E6C6F67696E2E656E7469746965732E526F6C652E7065726D697373696F6E73707371007E000B000000017704000000017372002274622E6D6963726F2E6C6F67696E2E656E7469746965732E5065726D697373696F6EA0EC1871191C89ED0200024C0002696471007E004A4C00046E616D6571007E000E787071007E004E71007E0012787371007E000B0000000177040000000171007E005378787371007E000B0000000177040000000171007E004B7871007E004571007E0046),
	('e1e4fb543cd09a145a377aa3270e872e', _binary 0xACED00057372004C6F72672E737072696E676672616D65776F726B2E73656375726974792E6F61757468322E636F6D6D6F6E2E44656661756C744578706972696E674F417574683252656672657368546F6B656E2FDF47639DD0C9B70200014C000A65787069726174696F6E7400104C6A6176612F7574696C2F446174653B787200446F72672E737072696E676672616D65776F726B2E73656375726974792E6F61757468322E636F6D6D6F6E2E44656661756C744F417574683252656672657368546F6B656E73E10E0A6354D45E0200014C000576616C75657400124C6A6176612F6C616E672F537472696E673B787074002435333334303461322D373831632D343439312D613638382D3338306364393833316666327372000E6A6176612E7574696C2E44617465686A81014B597419030000787077080000016B65542DB378, _binary 0xACED0005737200416F72672E737072696E676672616D65776F726B2E73656375726974792E6F61757468322E70726F76696465722E4F417574683241757468656E7469636174696F6EBD400B02166252130200024C000D73746F7265645265717565737474003C4C6F72672F737072696E676672616D65776F726B2F73656375726974792F6F61757468322F70726F76696465722F4F4175746832526571756573743B4C00127573657241757468656E7469636174696F6E7400324C6F72672F737072696E676672616D65776F726B2F73656375726974792F636F72652F41757468656E7469636174696F6E3B787200476F72672E737072696E676672616D65776F726B2E73656375726974792E61757468656E7469636174696F6E2E416273747261637441757468656E7469636174696F6E546F6B656ED3AA287E6E47640E0200035A000D61757468656E746963617465644C000B617574686F7269746965737400164C6A6176612F7574696C2F436F6C6C656374696F6E3B4C000764657461696C737400124C6A6176612F6C616E672F4F626A6563743B787000737200266A6176612E7574696C2E436F6C6C656374696F6E7324556E6D6F6469666961626C654C697374FC0F2531B5EC8E100200014C00046C6973747400104C6A6176612F7574696C2F4C6973743B7872002C6A6176612E7574696C2E436F6C6C656374696F6E7324556E6D6F6469666961626C65436F6C6C656374696F6E19420080CB5EF71E0200014C00016371007E00047870737200136A6176612E7574696C2E41727261794C6973747881D21D99C7619D03000149000473697A65787000000002770400000002737200426F72672E737072696E676672616D65776F726B2E73656375726974792E636F72652E617574686F726974792E53696D706C654772616E746564417574686F7269747900000000000001FE0200014C0004726F6C657400124C6A6176612F6C616E672F537472696E673B7870740009524F4C455F555345527371007E000D74000C726561645F70726F66696C657871007E000C707372003A6F72672E737072696E676672616D65776F726B2E73656375726974792E6F61757468322E70726F76696465722E4F41757468325265717565737400000000000000010200075A0008617070726F7665644C000B617574686F72697469657371007E00044C000A657874656E73696F6E7374000F4C6A6176612F7574696C2F4D61703B4C000B726564697265637455726971007E000E4C00077265667265736874003B4C6F72672F737072696E676672616D65776F726B2F73656375726974792F6F61757468322F70726F76696465722F546F6B656E526571756573743B4C000B7265736F7572636549647374000F4C6A6176612F7574696C2F5365743B4C000D726573706F6E7365547970657371007E0016787200386F72672E737072696E676672616D65776F726B2E73656375726974792E6F61757468322E70726F76696465722E426173655265717565737436287A3EA37169BD0200034C0008636C69656E74496471007E000E4C001172657175657374506172616D657465727371007E00144C000573636F706571007E0016787074001065636F6D6D657263652D6D6963726F73737200256A6176612E7574696C2E436F6C6C656374696F6E7324556E6D6F6469666961626C654D6170F1A5A8FE74F507420200014C00016D71007E00147870737200116A6176612E7574696C2E486173684D61700507DAC1C31660D103000246000A6C6F6164466163746F724900097468726573686F6C6478703F400000000000037708000000040000000274000A6772616E745F7479706574000870617373776F7264740008757365726E616D657400016178737200256A6176612E7574696C2E436F6C6C656374696F6E7324556E6D6F6469666961626C65536574801D92D18F9B80550200007871007E0009737200176A6176612E7574696C2E4C696E6B656448617368536574D86CD75A95DD2A1E020000787200116A6176612E7574696C2E48617368536574BA44859596B8B7340300007870770C000000103F400000000000017400045245414478017371007E0025770C000000103F400000000000027371007E000D740009524F4C455F555345527371007E000D74000A524F4C455F41444D494E787371007E001C3F40000000000000770800000010000000007870707371007E0025770C000000103F4000000000000174000F6F61757468322D7265736F75726365787371007E0025770C000000103F40000000000000787372004F6F72672E737072696E676672616D65776F726B2E73656375726974792E61757468656E7469636174696F6E2E557365726E616D6550617373776F726441757468656E7469636174696F6E546F6B656E00000000000001FE0200024C000B63726564656E7469616C7371007E00054C00097072696E636970616C71007E00057871007E0003017371007E00077371007E000B0000000277040000000271007E000F71007E00117871007E0034737200176A6176612E7574696C2E4C696E6B6564486173684D617034C04E5C106CC0FB0200015A000B6163636573734F726465727871007E001C3F400000000000067708000000080000000271007E001E71007E001F71007E002071007E00217800707372002674622E6D6963726F2E6C6F67696E2E656E7469746965732E417574685573657244657461696C9F13425A0B50BC140200007872001C74622E6D6963726F2E6C6F67696E2E656E7469746965732E55736572FA22949B097F38B002000E5A00116163636F756E744E6F6E457870697265645A00106163636F756E744E6F6E4C6F636B65645A001563726564656E7469616C734E6F6E457870697265645A0007656E61626C65644C00076164647265737371007E000E4C0005656D61696C71007E000E4C0002696471007E000E4C0003696D6771007E000E4C00046E616D6571007E000E4C000870617373776F726471007E000E4C000570686F6E6571007E000E4C0005726F6C657371007E00084C00077375726E616D6571007E000E4C0008757365726E616D6571007E000E787001010101740001617400016174002436346531393566382D343236322D346636322D623631622D3730383066666432646539617074000652617175656C74003C243261243130244E747137785434696C504F694639762F6E33425932656768552E6B74344C4258797062314A717449464E335861615947496A5A4253740001617372002F6F72672E68696265726E6174652E636F6C6C656374696F6E2E696E7465726E616C2E50657273697374656E744261673E6A0D30495F208F0200014C000362616771007E00087872003E6F72672E68696265726E6174652E636F6C6C656374696F6E2E696E7465726E616C2E416273747261637450657273697374656E74436F6C6C656374696F6E402CF80D58D552F202000B5A001B616C6C6F774C6F61644F7574736964655472616E73616374696F6E49000A63616368656453697A655A000564697274795A000E656C656D656E7452656D6F7665645A000B696E697469616C697A65645A000D697354656D7053657373696F6E4C00036B65797400164C6A6176612F696F2F53657269616C697A61626C653B4C00056F776E657271007E00054C0004726F6C6571007E000E4C001273657373696F6E466163746F72795575696471007E000E4C000E73746F726564536E617073686F7471007E0042787000FFFFFFFF0000010071007E003C7371007E00380101010171007E003A71007E003B71007E003C7071007E003D71007E003E71007E003F71007E004374000553696C76617400016174002274622E6D6963726F2E6C6F67696E2E656E7469746965732E557365722E726F6C6573707371007E000B000000017704000000017372001C74622E6D6963726F2E6C6F67696E2E656E7469746965732E526F6C65F3FAA307CF4734020200034C000269647400134C6A6176612F6C616E672F496E74656765723B4C00046E616D6571007E000E4C000B7065726D697373696F6E7371007E00087870737200116A6176612E6C616E672E496E746567657212E2A0A4F781873802000149000576616C7565787200106A6176612E6C616E672E4E756D62657286AC951D0B94E08B02000078700000000171007E00107371007E004000FFFFFFFF0000010071007E004E71007E004B74002874622E6D6963726F2E6C6F67696E2E656E7469746965732E526F6C652E7065726D697373696F6E73707371007E000B000000017704000000017372002274622E6D6963726F2E6C6F67696E2E656E7469746965732E5065726D697373696F6EA0EC1871191C89ED0200024C0002696471007E004A4C00046E616D6571007E000E78707371007E004C0000000271007E0012787371007E000B0000000177040000000171007E005378787371007E000B0000000177040000000171007E004B7871007E004571007E0046),
	('27ea4bffc165dc904d32af02cf0e107e', _binary 0xACED00057372004C6F72672E737072696E676672616D65776F726B2E73656375726974792E6F61757468322E636F6D6D6F6E2E44656661756C744578706972696E674F417574683252656672657368546F6B656E2FDF47639DD0C9B70200014C000A65787069726174696F6E7400104C6A6176612F7574696C2F446174653B787200446F72672E737072696E676672616D65776F726B2E73656375726974792E6F61757468322E636F6D6D6F6E2E44656661756C744F417574683252656672657368546F6B656E73E10E0A6354D45E0200014C000576616C75657400124C6A6176612F6C616E672F537472696E673B787074002430393165383461392D653761662D346139302D623732382D3933383835333632313061367372000E6A6176612E7574696C2E44617465686A81014B597419030000787077080000016B65C3822278, _binary 0xACED0005737200416F72672E737072696E676672616D65776F726B2E73656375726974792E6F61757468322E70726F76696465722E4F417574683241757468656E7469636174696F6EBD400B02166252130200024C000D73746F7265645265717565737474003C4C6F72672F737072696E676672616D65776F726B2F73656375726974792F6F61757468322F70726F76696465722F4F4175746832526571756573743B4C00127573657241757468656E7469636174696F6E7400324C6F72672F737072696E676672616D65776F726B2F73656375726974792F636F72652F41757468656E7469636174696F6E3B787200476F72672E737072696E676672616D65776F726B2E73656375726974792E61757468656E7469636174696F6E2E416273747261637441757468656E7469636174696F6E546F6B656ED3AA287E6E47640E0200035A000D61757468656E746963617465644C000B617574686F7269746965737400164C6A6176612F7574696C2F436F6C6C656374696F6E3B4C000764657461696C737400124C6A6176612F6C616E672F4F626A6563743B787000737200266A6176612E7574696C2E436F6C6C656374696F6E7324556E6D6F6469666961626C654C697374FC0F2531B5EC8E100200014C00046C6973747400104C6A6176612F7574696C2F4C6973743B7872002C6A6176612E7574696C2E436F6C6C656374696F6E7324556E6D6F6469666961626C65436F6C6C656374696F6E19420080CB5EF71E0200014C00016371007E00047870737200136A6176612E7574696C2E41727261794C6973747881D21D99C7619D03000149000473697A65787000000002770400000002737200426F72672E737072696E676672616D65776F726B2E73656375726974792E636F72652E617574686F726974792E53696D706C654772616E746564417574686F7269747900000000000001FE0200014C0004726F6C657400124C6A6176612F6C616E672F537472696E673B7870740009524F4C455F555345527371007E000D74000C726561645F70726F66696C657871007E000C707372003A6F72672E737072696E676672616D65776F726B2E73656375726974792E6F61757468322E70726F76696465722E4F41757468325265717565737400000000000000010200075A0008617070726F7665644C000B617574686F72697469657371007E00044C000A657874656E73696F6E7374000F4C6A6176612F7574696C2F4D61703B4C000B726564697265637455726971007E000E4C00077265667265736874003B4C6F72672F737072696E676672616D65776F726B2F73656375726974792F6F61757468322F70726F76696465722F546F6B656E526571756573743B4C000B7265736F7572636549647374000F4C6A6176612F7574696C2F5365743B4C000D726573706F6E7365547970657371007E0016787200386F72672E737072696E676672616D65776F726B2E73656375726974792E6F61757468322E70726F76696465722E426173655265717565737436287A3EA37169BD0200034C0008636C69656E74496471007E000E4C001172657175657374506172616D657465727371007E00144C000573636F706571007E0016787074001065636F6D6D657263652D6D6963726F73737200256A6176612E7574696C2E436F6C6C656374696F6E7324556E6D6F6469666961626C654D6170F1A5A8FE74F507420200014C00016D71007E00147870737200116A6176612E7574696C2E486173684D61700507DAC1C31660D103000246000A6C6F6164466163746F724900097468726573686F6C6478703F400000000000037708000000040000000274000A6772616E745F7479706574000870617373776F7264740008757365726E616D657400016278737200256A6176612E7574696C2E436F6C6C656374696F6E7324556E6D6F6469666961626C65536574801D92D18F9B80550200007871007E0009737200176A6176612E7574696C2E4C696E6B656448617368536574D86CD75A95DD2A1E020000787200116A6176612E7574696C2E48617368536574BA44859596B8B7340300007870770C000000103F400000000000017400045245414478017371007E0025770C000000103F400000000000027371007E000D740009524F4C455F555345527371007E000D74000A524F4C455F41444D494E787371007E001C3F40000000000000770800000010000000007870707371007E0025770C000000103F4000000000000174000F6F61757468322D7265736F75726365787371007E0025770C000000103F40000000000000787372004F6F72672E737072696E676672616D65776F726B2E73656375726974792E61757468656E7469636174696F6E2E557365726E616D6550617373776F726441757468656E7469636174696F6E546F6B656E00000000000001FE0200024C000B63726564656E7469616C7371007E00054C00097072696E636970616C71007E00057871007E0003017371007E00077371007E000B0000000277040000000271007E000F71007E00117871007E0034737200176A6176612E7574696C2E4C696E6B6564486173684D617034C04E5C106CC0FB0200015A000B6163636573734F726465727871007E001C3F400000000000067708000000080000000271007E001E71007E001F71007E002071007E00217800707372002674622E6D6963726F2E6C6F67696E2E656E7469746965732E417574685573657244657461696C9F13425A0B50BC140200007872001C74622E6D6963726F2E6C6F67696E2E656E7469746965732E55736572FA22949B097F38B002000E5A00116163636F756E744E6F6E457870697265645A00106163636F756E744E6F6E4C6F636B65645A001563726564656E7469616C734E6F6E457870697265645A0007656E61626C65644C00076164647265737371007E000E4C0005656D61696C71007E000E4C0002696471007E000E4C0003696D6771007E000E4C00046E616D6571007E000E4C000870617373776F726471007E000E4C000570686F6E6571007E000E4C0005726F6C657371007E00084C00077375726E616D6571007E000E4C0008757365726E616D6571007E000E787001010101740001627400076240622E636F6D74002432323830646563612D323361662D343863362D613632652D363061376234396238626462707400016274003C24326124313024734234305255595A6C79356673616A7A6B76366A3675677A54454D65415A75746B69466A3847466F46326669546550576369633679740001627372002F6F72672E68696265726E6174652E636F6C6C656374696F6E2E696E7465726E616C2E50657273697374656E744261673E6A0D30495F208F0200014C000362616771007E00087872003E6F72672E68696265726E6174652E636F6C6C656374696F6E2E696E7465726E616C2E416273747261637450657273697374656E74436F6C6C656374696F6E402CF80D58D552F202000B5A001B616C6C6F774C6F61644F7574736964655472616E73616374696F6E49000A63616368656453697A655A000564697274795A000E656C656D656E7452656D6F7665645A000B696E697469616C697A65645A000D697354656D7053657373696F6E4C00036B65797400164C6A6176612F696F2F53657269616C697A61626C653B4C00056F776E657271007E00054C0004726F6C6571007E000E4C001273657373696F6E466163746F72795575696471007E000E4C000E73746F726564536E617073686F7471007E0042787000FFFFFFFF0000010071007E003C7371007E00380101010171007E003A71007E003B71007E003C7071007E003D71007E003E71007E003F71007E0043740001627400016274002274622E6D6963726F2E6C6F67696E2E656E7469746965732E557365722E726F6C6573707371007E000B000000017704000000017372001C74622E6D6963726F2E6C6F67696E2E656E7469746965732E526F6C65F3FAA307CF4734020200034C000269647400134C6A6176612F6C616E672F496E74656765723B4C00046E616D6571007E000E4C000B7065726D697373696F6E7371007E00087870737200116A6176612E6C616E672E496E746567657212E2A0A4F781873802000149000576616C7565787200106A6176612E6C616E672E4E756D62657286AC951D0B94E08B02000078700000000171007E00107371007E004000FFFFFFFF0000010071007E004E71007E004B74002874622E6D6963726F2E6C6F67696E2E656E7469746965732E526F6C652E7065726D697373696F6E73707371007E000B000000017704000000017372002274622E6D6963726F2E6C6F67696E2E656E7469746965732E5065726D697373696F6EA0EC1871191C89ED0200024C0002696471007E004A4C00046E616D6571007E000E78707371007E004C0000000271007E0012787371007E000B0000000177040000000171007E005378787371007E000B0000000177040000000171007E004B7871007E004571007E0046),
	('fa8b8b334efd4ae380e106395251e28b', _binary 0xACED00057372004C6F72672E737072696E676672616D65776F726B2E73656375726974792E6F61757468322E636F6D6D6F6E2E44656661756C744578706972696E674F417574683252656672657368546F6B656E2FDF47639DD0C9B70200014C000A65787069726174696F6E7400104C6A6176612F7574696C2F446174653B787200446F72672E737072696E676672616D65776F726B2E73656375726974792E6F61757468322E636F6D6D6F6E2E44656661756C744F417574683252656672657368546F6B656E73E10E0A6354D45E0200014C000576616C75657400124C6A6176612F6C616E672F537472696E673B787074002436303964666562652D653261622D343039632D626666612D3439313738653063326263667372000E6A6176612E7574696C2E44617465686A81014B597419030000787077080000016B9B3CDB5778, _binary 0xACED0005737200416F72672E737072696E676672616D65776F726B2E73656375726974792E6F61757468322E70726F76696465722E4F417574683241757468656E7469636174696F6EBD400B02166252130200024C000D73746F7265645265717565737474003C4C6F72672F737072696E676672616D65776F726B2F73656375726974792F6F61757468322F70726F76696465722F4F4175746832526571756573743B4C00127573657241757468656E7469636174696F6E7400324C6F72672F737072696E676672616D65776F726B2F73656375726974792F636F72652F41757468656E7469636174696F6E3B787200476F72672E737072696E676672616D65776F726B2E73656375726974792E61757468656E7469636174696F6E2E416273747261637441757468656E7469636174696F6E546F6B656ED3AA287E6E47640E0200035A000D61757468656E746963617465644C000B617574686F7269746965737400164C6A6176612F7574696C2F436F6C6C656374696F6E3B4C000764657461696C737400124C6A6176612F6C616E672F4F626A6563743B787000737200266A6176612E7574696C2E436F6C6C656374696F6E7324556E6D6F6469666961626C654C697374FC0F2531B5EC8E100200014C00046C6973747400104C6A6176612F7574696C2F4C6973743B7872002C6A6176612E7574696C2E436F6C6C656374696F6E7324556E6D6F6469666961626C65436F6C6C656374696F6E19420080CB5EF71E0200014C00016371007E00047870737200136A6176612E7574696C2E41727261794C6973747881D21D99C7619D03000149000473697A65787000000002770400000002737200426F72672E737072696E676672616D65776F726B2E73656375726974792E636F72652E617574686F726974792E53696D706C654772616E746564417574686F7269747900000000000001FE0200014C0004726F6C657400124C6A6176612F6C616E672F537472696E673B787074000A524F4C455F41444D494E7371007E000D74000C726561645F70726F66696C657871007E000C707372003A6F72672E737072696E676672616D65776F726B2E73656375726974792E6F61757468322E70726F76696465722E4F41757468325265717565737400000000000000010200075A0008617070726F7665644C000B617574686F72697469657371007E00044C000A657874656E73696F6E7374000F4C6A6176612F7574696C2F4D61703B4C000B726564697265637455726971007E000E4C00077265667265736874003B4C6F72672F737072696E676672616D65776F726B2F73656375726974792F6F61757468322F70726F76696465722F546F6B656E526571756573743B4C000B7265736F7572636549647374000F4C6A6176612F7574696C2F5365743B4C000D726573706F6E7365547970657371007E0016787200386F72672E737072696E676672616D65776F726B2E73656375726974792E6F61757468322E70726F76696465722E426173655265717565737436287A3EA37169BD0200034C0008636C69656E74496471007E000E4C001172657175657374506172616D657465727371007E00144C000573636F706571007E0016787074001065636F6D6D657263652D6D6963726F73737200256A6176612E7574696C2E436F6C6C656374696F6E7324556E6D6F6469666961626C654D6170F1A5A8FE74F507420200014C00016D71007E00147870737200116A6176612E7574696C2E486173684D61700507DAC1C31660D103000246000A6C6F6164466163746F724900097468726573686F6C6478703F400000000000037708000000040000000274000A6772616E745F7479706574000870617373776F7264740008757365726E616D6574000561646D696E78737200256A6176612E7574696C2E436F6C6C656374696F6E7324556E6D6F6469666961626C65536574801D92D18F9B80550200007871007E0009737200176A6176612E7574696C2E4C696E6B656448617368536574D86CD75A95DD2A1E020000787200116A6176612E7574696C2E48617368536574BA44859596B8B7340300007870770C000000103F400000000000017400045245414478017371007E0025770C000000103F400000000000027371007E000D740009524F4C455F555345527371007E000D74000A524F4C455F41444D494E787371007E001C3F40000000000000770800000010000000007870707371007E0025770C000000103F4000000000000174000F6F61757468322D7265736F75726365787371007E0025770C000000103F40000000000000787372004F6F72672E737072696E676672616D65776F726B2E73656375726974792E61757468656E7469636174696F6E2E557365726E616D6550617373776F726441757468656E7469636174696F6E546F6B656E00000000000001FE0200024C000B63726564656E7469616C7371007E00054C00097072696E636970616C71007E00057871007E0003017371007E00077371007E000B0000000277040000000271007E000F71007E00117871007E0034737200176A6176612E7574696C2E4C696E6B6564486173684D617034C04E5C106CC0FB0200015A000B6163636573734F726465727871007E001C3F400000000000067708000000080000000271007E001E71007E001F71007E002071007E00217800707372002674622E6D6963726F2E6C6F67696E2E656E7469746965732E417574685573657244657461696C9F13425A0B50BC140200007872001C74622E6D6963726F2E6C6F67696E2E656E7469746965732E55736572FA22949B097F38B002000E5A00116163636F756E744E6F6E457870697265645A00106163636F756E744E6F6E4C6F636B65645A001563726564656E7469616C734E6F6E457870697265645A0007656E61626C65644C00076164647265737371007E000E4C0005656D61696C71007E000E4C0002696471007E000E4C0003696D6771007E000E4C00046E616D6571007E000E4C000870617373776F726471007E000E4C000570686F6E6571007E000E4C0005726F6C657371007E00084C00077375726E616D6571007E000E4C0008757365726E616D6571007E000E78700101010174002952756120646120496E646570656E64656E6369612C2052696F2054696E746F2C20343433352D30333974000C616E614074657374652E707474002436356532643365342D623533652D346532362D613237362D31656637376665663463393674003068747470733A2F2F72616E646F6D757365722E6D652F6170692F706F727472616974732F776F6D656E2F38352E6A7067740003416E6174003C2432612431302473595656425151674156695A626748717244423874754D3475554F6C616D30483668644B54726A78587578575679334A67667979577400093931373134313235387372002F6F72672E68696265726E6174652E636F6C6C656374696F6E2E696E7465726E616C2E50657273697374656E744261673E6A0D30495F208F0200014C000362616771007E00087872003E6F72672E68696265726E6174652E636F6C6C656374696F6E2E696E7465726E616C2E416273747261637450657273697374656E74436F6C6C656374696F6E402CF80D58D552F202000B5A001B616C6C6F774C6F61644F7574736964655472616E73616374696F6E49000A63616368656453697A655A000564697274795A000E656C656D656E7452656D6F7665645A000B696E697469616C697A65645A000D697354656D7053657373696F6E4C00036B65797400164C6A6176612F696F2F53657269616C697A61626C653B4C00056F776E657271007E00054C0004726F6C6571007E000E4C001273657373696F6E466163746F72795575696471007E000E4C000E73746F726564536E617073686F7471007E0043787000FFFFFFFF0000010071007E003C7371007E00380101010171007E003A71007E003B71007E003C71007E003D71007E003E71007E003F71007E004071007E00447400075065726569726174000561646D696E74002274622E6D6963726F2E6C6F67696E2E656E7469746965732E557365722E726F6C6573707371007E000B000000017704000000017372001C74622E6D6963726F2E6C6F67696E2E656E7469746965732E526F6C65F3FAA307CF4734020200034C000269647400134C6A6176612F6C616E672F496E74656765723B4C00046E616D6571007E000E4C000B7065726D697373696F6E7371007E00087870737200116A6176612E6C616E672E496E746567657212E2A0A4F781873802000149000576616C7565787200106A6176612E6C616E672E4E756D62657286AC951D0B94E08B02000078700000000271007E00107371007E004100FFFFFFFF0000010071007E004F71007E004C74002874622E6D6963726F2E6C6F67696E2E656E7469746965732E526F6C652E7065726D697373696F6E73707371007E000B000000017704000000017372002274622E6D6963726F2E6C6F67696E2E656E7469746965732E5065726D697373696F6EA0EC1871191C89ED0200024C0002696471007E004B4C00046E616D6571007E000E787071007E004F71007E0012787371007E000B0000000177040000000171007E005478787371007E000B0000000177040000000171007E004C7871007E004671007E0047),
	('348d9bdc4f6e07c9132fc3673c7bdb88', _binary 0xACED00057372004C6F72672E737072696E676672616D65776F726B2E73656375726974792E6F61757468322E636F6D6D6F6E2E44656661756C744578706972696E674F417574683252656672657368546F6B656E2FDF47639DD0C9B70200014C000A65787069726174696F6E7400104C6A6176612F7574696C2F446174653B787200446F72672E737072696E676672616D65776F726B2E73656375726974792E6F61757468322E636F6D6D6F6E2E44656661756C744F417574683252656672657368546F6B656E73E10E0A6354D45E0200014C000576616C75657400124C6A6176612F6C616E672F537472696E673B787074002438386434396339652D313530662D343832632D386432322D3836613133346462666236367372000E6A6176612E7574696C2E44617465686A81014B597419030000787077080000016B9B95516F78, _binary 0xACED0005737200416F72672E737072696E676672616D65776F726B2E73656375726974792E6F61757468322E70726F76696465722E4F417574683241757468656E7469636174696F6EBD400B02166252130200024C000D73746F7265645265717565737474003C4C6F72672F737072696E676672616D65776F726B2F73656375726974792F6F61757468322F70726F76696465722F4F4175746832526571756573743B4C00127573657241757468656E7469636174696F6E7400324C6F72672F737072696E676672616D65776F726B2F73656375726974792F636F72652F41757468656E7469636174696F6E3B787200476F72672E737072696E676672616D65776F726B2E73656375726974792E61757468656E7469636174696F6E2E416273747261637441757468656E7469636174696F6E546F6B656ED3AA287E6E47640E0200035A000D61757468656E746963617465644C000B617574686F7269746965737400164C6A6176612F7574696C2F436F6C6C656374696F6E3B4C000764657461696C737400124C6A6176612F6C616E672F4F626A6563743B787000737200266A6176612E7574696C2E436F6C6C656374696F6E7324556E6D6F6469666961626C654C697374FC0F2531B5EC8E100200014C00046C6973747400104C6A6176612F7574696C2F4C6973743B7872002C6A6176612E7574696C2E436F6C6C656374696F6E7324556E6D6F6469666961626C65436F6C6C656374696F6E19420080CB5EF71E0200014C00016371007E00047870737200136A6176612E7574696C2E41727261794C6973747881D21D99C7619D03000149000473697A65787000000002770400000002737200426F72672E737072696E676672616D65776F726B2E73656375726974792E636F72652E617574686F726974792E53696D706C654772616E746564417574686F7269747900000000000001FE0200014C0004726F6C657400124C6A6176612F6C616E672F537472696E673B7870740009524F4C455F555345527371007E000D74000C726561645F70726F66696C657871007E000C707372003A6F72672E737072696E676672616D65776F726B2E73656375726974792E6F61757468322E70726F76696465722E4F41757468325265717565737400000000000000010200075A0008617070726F7665644C000B617574686F72697469657371007E00044C000A657874656E73696F6E7374000F4C6A6176612F7574696C2F4D61703B4C000B726564697265637455726971007E000E4C00077265667265736874003B4C6F72672F737072696E676672616D65776F726B2F73656375726974792F6F61757468322F70726F76696465722F546F6B656E526571756573743B4C000B7265736F7572636549647374000F4C6A6176612F7574696C2F5365743B4C000D726573706F6E7365547970657371007E0016787200386F72672E737072696E676672616D65776F726B2E73656375726974792E6F61757468322E70726F76696465722E426173655265717565737436287A3EA37169BD0200034C0008636C69656E74496471007E000E4C001172657175657374506172616D657465727371007E00144C000573636F706571007E0016787074001065636F6D6D657263652D6D6963726F73737200256A6176612E7574696C2E436F6C6C656374696F6E7324556E6D6F6469666961626C654D6170F1A5A8FE74F507420200014C00016D71007E00147870737200116A6176612E7574696C2E486173684D61700507DAC1C31660D103000246000A6C6F6164466163746F724900097468726573686F6C6478703F400000000000037708000000040000000274000A6772616E745F7479706574000870617373776F7264740008757365726E616D657400047573657278737200256A6176612E7574696C2E436F6C6C656374696F6E7324556E6D6F6469666961626C65536574801D92D18F9B80550200007871007E0009737200176A6176612E7574696C2E4C696E6B656448617368536574D86CD75A95DD2A1E020000787200116A6176612E7574696C2E48617368536574BA44859596B8B7340300007870770C000000103F400000000000017400045245414478017371007E0025770C000000103F400000000000027371007E000D740009524F4C455F555345527371007E000D74000A524F4C455F41444D494E787371007E001C3F40000000000000770800000010000000007870707371007E0025770C000000103F4000000000000174000F6F61757468322D7265736F75726365787371007E0025770C000000103F40000000000000787372004F6F72672E737072696E676672616D65776F726B2E73656375726974792E61757468656E7469636174696F6E2E557365726E616D6550617373776F726441757468656E7469636174696F6E546F6B656E00000000000001FE0200024C000B63726564656E7469616C7371007E00054C00097072696E636970616C71007E00057871007E0003017371007E00077371007E000B0000000277040000000271007E000F71007E00117871007E0034737200176A6176612E7574696C2E4C696E6B6564486173684D617034C04E5C106CC0FB0200015A000B6163636573734F726465727871007E001C3F400000000000067708000000080000000271007E001E71007E001F71007E002071007E00217800707372002674622E6D6963726F2E6C6F67696E2E656E7469746965732E417574685573657244657461696C9F13425A0B50BC140200007872001C74622E6D6963726F2E6C6F67696E2E656E7469746965732E55736572FA22949B097F38B002000E5A00116163636F756E744E6F6E457870697265645A00106163636F756E744E6F6E4C6F636B65645A001563726564656E7469616C734E6F6E457870697265645A0007656E61626C65644C00076164647265737371007E000E4C0005656D61696C71007E000E4C0002696471007E000E4C0003696D6771007E000E4C00046E616D6571007E000E4C000870617373776F726471007E000E4C000570686F6E6571007E000E4C0005726F6C657371007E00084C00077375726E616D6571007E000E4C0008757365726E616D6571007E000E78700101010174002952756120646120496E646570656E64656E6369612C2052696F2054696E746F2C20343433352D3033397400216272756E6F6772616369616E6F2E7065726569726140686F746D61696C2E636F6D74002435636536363035342D333233302D346462302D616666622D33633034313735303766386174002E68747470733A2F2F72616E646F6D757365722E6D652F6170692F706F727472616974732F6D656E2F37382E6A70677400054272756E6F74003C243261243130245732616D345A4554363053447833775064784A6946753856726651647150734D593248394B7472577A2F7A596A706F75396A4148757400093931373134313235387372002F6F72672E68696265726E6174652E636F6C6C656374696F6E2E696E7465726E616C2E50657273697374656E744261673E6A0D30495F208F0200014C000362616771007E00087872003E6F72672E68696265726E6174652E636F6C6C656374696F6E2E696E7465726E616C2E416273747261637450657273697374656E74436F6C6C656374696F6E402CF80D58D552F202000B5A001B616C6C6F774C6F61644F7574736964655472616E73616374696F6E49000A63616368656453697A655A000564697274795A000E656C656D656E7452656D6F7665645A000B696E697469616C697A65645A000D697354656D7053657373696F6E4C00036B65797400164C6A6176612F696F2F53657269616C697A61626C653B4C00056F776E657271007E00054C0004726F6C6571007E000E4C001273657373696F6E466163746F72795575696471007E000E4C000E73746F726564536E617073686F7471007E0043787000FFFFFFFF0000010071007E003C7371007E00380101010171007E003A71007E003B71007E003C71007E003D71007E003E71007E003F71007E004071007E0044740007506572656972617400047573657274002274622E6D6963726F2E6C6F67696E2E656E7469746965732E557365722E726F6C6573707371007E000B000000017704000000017372001C74622E6D6963726F2E6C6F67696E2E656E7469746965732E526F6C65F3FAA307CF4734020200034C000269647400134C6A6176612F6C616E672F496E74656765723B4C00046E616D6571007E000E4C000B7065726D697373696F6E7371007E00087870737200116A6176612E6C616E672E496E746567657212E2A0A4F781873802000149000576616C7565787200106A6176612E6C616E672E4E756D62657286AC951D0B94E08B02000078700000000171007E00107371007E004100FFFFFFFF0000010071007E004F71007E004C74002874622E6D6963726F2E6C6F67696E2E656E7469746965732E526F6C652E7065726D697373696F6E73707371007E000B000000017704000000017372002274622E6D6963726F2E6C6F67696E2E656E7469746965732E5065726D697373696F6EA0EC1871191C89ED0200024C0002696471007E004B4C00046E616D6571007E000E78707371007E004D0000000271007E0012787371007E000B0000000177040000000171007E005478787371007E000B0000000177040000000171007E004C7871007E004671007E0047);
/*!40000 ALTER TABLE `oauth_refresh_token` ENABLE KEYS */;

-- Dumping structure for table tb-micro-login.permission
CREATE TABLE IF NOT EXISTS `permission` (
  `id` int(11) NOT NULL,
  `name` varchar(50) DEFAULT NULL,
  PRIMARY KEY (`id`)
) ENGINE=InnoDB DEFAULT CHARSET=latin1;

-- Dumping data for table tb-micro-login.permission: ~4 rows (approximately)
/*!40000 ALTER TABLE `permission` DISABLE KEYS */;
INSERT INTO `permission` (`id`, `name`) VALUES
	(1, 'create_profile'),
	(2, 'read_profile'),
	(3, 'update_profile'),
	(4, 'delete_profile');
/*!40000 ALTER TABLE `permission` ENABLE KEYS */;

-- Dumping structure for table tb-micro-login.permission_role
CREATE TABLE IF NOT EXISTS `permission_role` (
  `permission_id` int(11) DEFAULT NULL,
  `role_id` int(11) DEFAULT NULL,
  KEY `permission_role` (`permission_id`),
  KEY `role_id_p` (`role_id`),
  CONSTRAINT `permission_role` FOREIGN KEY (`permission_id`) REFERENCES `permission` (`id`),
  CONSTRAINT `role_id_p` FOREIGN KEY (`role_id`) REFERENCES `role` (`id`)
) ENGINE=InnoDB DEFAULT CHARSET=latin1;

-- Dumping data for table tb-micro-login.permission_role: ~2 rows (approximately)
/*!40000 ALTER TABLE `permission_role` DISABLE KEYS */;
INSERT INTO `permission_role` (`permission_id`, `role_id`) VALUES
	(2, 2),
	(2, 1);
/*!40000 ALTER TABLE `permission_role` ENABLE KEYS */;

-- Dumping structure for table tb-micro-login.role
CREATE TABLE IF NOT EXISTS `role` (
  `id` int(11) NOT NULL,
  `name` varchar(50) DEFAULT NULL,
  PRIMARY KEY (`id`)
) ENGINE=InnoDB DEFAULT CHARSET=latin1;

-- Dumping data for table tb-micro-login.role: ~2 rows (approximately)
/*!40000 ALTER TABLE `role` DISABLE KEYS */;
INSERT INTO `role` (`id`, `name`) VALUES
	(1, 'ROLE_USER'),
	(2, 'ROLE_ADMIN');
/*!40000 ALTER TABLE `role` ENABLE KEYS */;

-- Dumping structure for table tb-micro-login.role_user
CREATE TABLE IF NOT EXISTS `role_user` (
  `role_id` int(11) DEFAULT NULL,
  `user_id` varchar(255) DEFAULT NULL,
  KEY `role_id` (`role_id`),
  KEY `user_id` (`user_id`),
  CONSTRAINT `role_id` FOREIGN KEY (`role_id`) REFERENCES `role` (`id`) ON DELETE SET NULL ON UPDATE SET NULL,
  CONSTRAINT `user_id` FOREIGN KEY (`user_id`) REFERENCES `user` (`id`) ON DELETE SET NULL ON UPDATE SET NULL
) ENGINE=InnoDB DEFAULT CHARSET=latin1;

-- Dumping data for table tb-micro-login.role_user: ~6 rows (approximately)
/*!40000 ALTER TABLE `role_user` DISABLE KEYS */;
INSERT INTO `role_user` (`role_id`, `user_id`) VALUES
	(1, '5ce66054-3230-4db0-affb-3c0417507f8a'),
	(2, '65e2d3e4-b53e-4e26-a276-1ef77fef4c96'),
	(1, NULL),
	(1, NULL),
	(1, NULL),
	(2, '7e3fc754-d468-4a97-8b7b-f2d6a0357fab');
/*!40000 ALTER TABLE `role_user` ENABLE KEYS */;

-- Dumping structure for table tb-micro-login.user
CREATE TABLE IF NOT EXISTS `user` (
  `id` varchar(50) NOT NULL,
  `name` varchar(50) DEFAULT NULL,
  `surname` varchar(50) DEFAULT NULL,
  `username` varchar(50) NOT NULL,
  `password` varchar(200) NOT NULL,
  `email` varchar(50) DEFAULT NULL,
  `phone` varchar(50) DEFAULT NULL,
  `address` varchar(50) DEFAULT NULL,
  `enabled` bit(1) DEFAULT NULL,
  `account_non_expired` bit(1) DEFAULT NULL,
  `credentials_non_expired` bit(1) DEFAULT NULL,
  `account_non_locked` bit(1) DEFAULT NULL,
  `img` varchar(400) DEFAULT NULL,
  PRIMARY KEY (`id`)
) ENGINE=InnoDB DEFAULT CHARSET=latin1;

-- Dumping data for table tb-micro-login.user: ~3 rows (approximately)
/*!40000 ALTER TABLE `user` DISABLE KEYS */;
INSERT INTO `user` (`id`, `name`, `surname`, `username`, `password`, `email`, `phone`, `address`, `enabled`, `account_non_expired`, `credentials_non_expired`, `account_non_locked`, `img`) VALUES
	('5ce66054-3230-4db0-affb-3c0417507f8a', 'Bruno', 'Pereira', 'user', '$2a$10$W2am4ZET60SDx3wPdxJiFu8VrfQdqPsMY2H9KtrWz/zYjpou9jAHu', 'brunograciano.pereira@hotmail.com', '917141258', 'Rua da Independencia, Rio Tinto, 4435-039', b'1', b'1', b'1', b'1', 'https://randomuser.me/api/portraits/men/78.jpg'),
	('65e2d3e4-b53e-4e26-a276-1ef77fef4c96', 'Ana', 'Pereira', 'admin', '$2a$10$sYVVBQQgAViZbgHqrDB8tuM4uUOlam0H6hdKTrjxXuxWVy3JgfyyW', 'ana@teste.pt', '917141258', 'Rua da Independencia, Rio Tinto, 4435-039', b'1', b'1', b'1', b'1', 'https://randomuser.me/api/portraits/women/85.jpg'),
	('7e3fc754-d468-4a97-8b7b-f2d6a0357fab', 'Bruno', 'Pereira', 'brunopereira', '$2a$10$srmlpVdVwS0sdoIQZblgYeDI7k5dtP42ieO1xE6guK3LOj0c/jjvm', 'brunograciano.pereira@hotmail.com', '917141258', 'Rua da Independencia, Rio Tinto, 4435-039', b'0', b'0', b'0', b'0', 'https://randomuser.me/api/portraits/men/72.jpg');
/*!40000 ALTER TABLE `user` ENABLE KEYS */;


-- Dumping database structure for tb-micro-product
CREATE DATABASE IF NOT EXISTS `tb-micro-product` /*!40100 DEFAULT CHARACTER SET latin1 */;
USE `tb-micro-product`;

-- Dumping structure for table tb-micro-product.attributes
CREATE TABLE IF NOT EXISTS `attributes` (
  `id` varchar(250) NOT NULL,
  `brand` varchar(50) NOT NULL DEFAULT '0',
  `color` varchar(50) NOT NULL DEFAULT '0',
  `weight` varchar(100) NOT NULL DEFAULT '0',
  `size` varchar(100) NOT NULL DEFAULT '0',
  `product_id` varchar(150) DEFAULT '0',
  PRIMARY KEY (`id`),
  KEY `product_id` (`product_id`),
  CONSTRAINT `product_id` FOREIGN KEY (`product_id`) REFERENCES `product` (`id`) ON DELETE SET NULL
) ENGINE=InnoDB DEFAULT CHARSET=latin1;

-- Dumping data for table tb-micro-product.attributes: ~30 rows (approximately)
/*!40000 ALTER TABLE `attributes` DISABLE KEYS */;
INSERT INTO `attributes` (`id`, `brand`, `color`, `weight`, `size`, `product_id`) VALUES
	('0892c00c-08f7-4f24-88cc-2b29a91c50d0', 'Samsung', 'black', '1kg-2kg', 'small', NULL),
	('1f206ba9-a6d5-4ebb-812c-4b8930312dc1', 'Samsung', 'black', '0kg-1kg', 'medium', 'galaxy-a30'),
	('1f953b38-830e-4c01-9fd8-941deda3cbc1', 'AmazonBasics', 'black', '0kg-1kg', 'small', 'dual-port-usb'),
	('2499e165-0787-4848-a4df-d4ffd73d8d42', 'Bose', 'black', '0kg-1kg', 'small', 'fire-hd-8'),
	('24cbdbe0-11cc-49cf-91a6-36fe078a9f06', 'Samsung', 'black', '2kg-3kg', 'big', 'qn65q70rafxza'),
	('2b8a85eb-e65d-47f9-a11e-ccd2d454df1d', 'AmazonBasics', 'black', '0kg-1kg', 'small', 'usb-type-c-'),
	('3742cb99-1d76-4991-9425-9b73c4f6c0fc', 'Audio-Technica', 'black', '0kg-1kg', 'small', 'fire-tv-stick-4k'),
	('49c60746-1ea6-4c15-b8af-65da91cda76d', 'Audio-Technica', 'black', '0kg-1kg', 'medium', 'audio-technica-ath-msr7bk'),
	('4bafcd72-fdc1-4c96-9aaa-4bdac1db9591', 'Sennheiser', 'white', '0kg-1kg', 'medium', 'headphones-sennheiser-hd-599'),
	('4c6f0d24-7b6d-4301-94f5-cd4e2138b75d', 'Samsung', 'black', '2kg-3kg', 'big', 'qn65q90rafxza-'),
	('5d9796e8-7e42-42ac-9495-8577075f3dc4', 'Bose', 'black', '0kg-1kg', 'medium', 'quietcomfort-25'),
	('60904ddb-f6b4-4e86-ae92-10fba0a534c6', 'Samsung', 'black', '0kg-1kg', 'medium', 'note-8-'),
	('6b0f5577-bc83-4e32-b10d-05f111ff1c3e', 'Huawei', 'black', '0kg-1kg', 'big', 'huawei-honor-8x'),
	('753dfb8a-008f-4391-a1a5-52b192ae7ff1', 'Bose', 'black', '0kg-1kg', 'medium', 'soundlink-micro'),
	('8bf0b2e3-063e-4983-af4d-81c281bff72d', 'Bose', 'black', '0kg-1kg', 'medium', 'paperwhite'),
	('8ebf1ff0-d3db-40da-995f-bc9b3f1c6ed6', 'Bose', 'black', '0kg-1kg', 'medium', 'bose-quietcomfort-35'),
	('96d1cfaf-2ec0-4b97-b616-1005ccd7b436', 'Sennheiser', 'black', '0kg-1kg', 'medium', 'hd-598'),
	('9ae3acf1-def8-4f0a-a439-595d77f1c0b8', 'Pioneer', 'black', '4kg-5kg', 'big', NULL),
	('9eeb7964-0b38-455a-a832-67c66516115c', 'Pioneer', 'black', '4kg-5kg', 'big', 'htp-074'),
	('a9715496-c31c-442d-8052-2c0431e8c7d1', 'Bose', 'black', '0kg-1kg', 'medium', 'soundlink-ii'),
	('b59670e9-19b9-4afa-8bf6-1bcc04ae1c68', 'Samsung', 'black', '2kg-3kg', 'big', 'un40nu7100fxza-'),
	('bad87aac-31db-48cf-83a3-4535ad2e7903', 'JBL', 'black', '0kg-1kg', 'small', 'go-2-'),
	('be57eac5-aeab-4716-a08a-5d43d855749b', 'Apple', 'pink', '0kg-1kg', 'medium', 'iphone-xs'),
	('c3c187c4-fe06-4c99-82b1-f7860146fc40', 'Dell', 'black', '0kg-1kg', 'medium', 'inspiron'),
	('d1050fc5-aaa6-497a-a853-6df4b924f8e5', 'Apple', 'gray', '1kg-2kg', 'medium', 'ipad'),
	('e40f4a9d-55f3-4a88-94ed-8c0ff07b8cbe', 'Audio-Technica', 'black', '0kg-1kg', 'medium', 'ath-m50x'),
	('e82049f4-31cc-4a14-85fb-fb3223e42ba0', 'HP', 'gray', '2kg-3kg', 'medium', '4wj86ua'),
	('e9263338-b564-45f4-a8d1-20035d689ef1', 'Logitech', 'black', '2kg-3kg', 'big', 'z906'),
	('efc298b9-1a08-4457-ae54-c39bde5a8630', 'HP', 'white', '3kg-4kg', 'small', '20-series'),
	('f0227189-a2ae-4b60-a48b-64ac6879b87b', 'HP', 'white', '3kg-4kg', 'medium', '24-f0047c');
/*!40000 ALTER TABLE `attributes` ENABLE KEYS */;

-- Dumping structure for table tb-micro-product.brand
CREATE TABLE IF NOT EXISTS `brand` (
  `id` varchar(250) NOT NULL,
  `name` varchar(250) DEFAULT NULL,
  PRIMARY KEY (`id`)
) ENGINE=InnoDB DEFAULT CHARSET=latin1;

-- Dumping data for table tb-micro-product.brand: ~11 rows (approximately)
/*!40000 ALTER TABLE `brand` DISABLE KEYS */;
INSERT INTO `brand` (`id`, `name`) VALUES
	('13dc36b0-8790-4bc1-81b3-a9bd56412db2', 'AmazonBasics'),
	('41f28161-8d08-4424-b7bb-de4302e07cd3', 'Bose'),
	('55310fd1-3ade-46bf-98c4-cb744a195991', 'JBL'),
	('588de501-cf88-4efd-bb90-8efffded2e3e', 'HP'),
	('5e06aa33-5d28-4a01-a16e-4bb38b78340f', 'Huawei'),
	('793d6765-cfd4-4885-84f9-fdce273df892', 'Apple'),
	('9f0c4566-944c-4b58-86f3-2b6a4c964dd8', 'Samsung'),
	('a997c2e6-2524-4c69-8fd5-faf1a173ab36', 'Logitech'),
	('c36a6c4c-97b0-4848-b6a1-ed3f5fc31adf', 'Sennheiser'),
	('ce233278-e64f-46ad-9df1-65563df6407f', 'Audio-Technica'),
	('fdf40852-5111-41cb-af8f-ff68fc9f3368', 'Pioneer');
/*!40000 ALTER TABLE `brand` ENABLE KEYS */;

-- Dumping structure for table tb-micro-product.category
CREATE TABLE IF NOT EXISTS `category` (
  `id` varchar(250) NOT NULL,
  `name` varchar(250) DEFAULT NULL,
  `img` varchar(1000) DEFAULT NULL,
  PRIMARY KEY (`id`)
) ENGINE=InnoDB DEFAULT CHARSET=latin1;

-- Dumping data for table tb-micro-product.category: ~6 rows (approximately)
/*!40000 ALTER TABLE `category` DISABLE KEYS */;
INSERT INTO `category` (`id`, `name`, `img`) VALUES
	('5ceabe7f-a61f-4cd7-bacc-e1ed837811be', 'Audio', 'https://assets.pcmag.com/media/images/477645-jbl-boombox.jpg?width=810&height=456'),
	('5f7eb0ab-4f65-42b2-9bb7-5f7d6f09dfa9', 'Computers', 'https://i0.wp.com/9to5mac.com/wp-content/uploads/sites/6/2018/05/imac-pro.png?resize=2000%2C0&quality=82&strip=all&ssl=1'),
	('7c2be2c8-8560-4406-a093-e9dbb10aa396', 'Smartphones', 'https://www.thestar.com.my/~/media/online/2018/08/17/10/33/mxnote9print_tm_1pdf.ashx/?w=620&h=413&crop=1&hash=C5287D19DE9B170BE8FCDDC2EFFBA1BAC0A3D4C0'),
	('b4017536-8fb9-4b69-acb5-032492f1f7c0', 'Tablets', 'https://cdn.photographylife.com/wp-content/uploads/2018/11/Apple-iPad-Pro-2018.jpg'),
	('f86fbfd6-676c-4982-8c4c-68bd8bc9304e', 'TV & Video', 'http://av2day.com/wp-content/uploads/2018/05/sharp-80XU930X-Side-555x353.png');
/*!40000 ALTER TABLE `category` ENABLE KEYS */;

-- Dumping structure for table tb-micro-product.color
CREATE TABLE IF NOT EXISTS `color` (
  `id` varchar(250) DEFAULT NULL,
  `name` varchar(250) DEFAULT NULL
) ENGINE=InnoDB DEFAULT CHARSET=latin1;

-- Dumping data for table tb-micro-product.color: ~11 rows (approximately)
/*!40000 ALTER TABLE `color` DISABLE KEYS */;
INSERT INTO `color` (`id`, `name`) VALUES
	('edc1d5c4-8e38-4e43-ba78-9b5bfb4c408f', 'Black'),
	('0045b8ac-8253-4b29-80b5-f248c6ea0aa9', 'Gray'),
	('3c0d8eef-2ce9-4d2e-a323-afa46b15e5b1', 'Blue'),
	('1ab05894-5bb3-46c2-82de-de99a989d75c', 'Green'),
	('aaeaea01-ece9-41a0-aa27-6509e1983dc6', 'Purple'),
	('4564d864-e9ff-4239-bbd7-7b14441f1d2a', 'Pink'),
	('4f278b8b-1530-491e-a11d-1674f966dea8', 'Yellow'),
	('6d3f054c-1ea5-46fd-8f07-ccfc35e29a90', 'Orange'),
	('094366c5-5226-4119-a90a-5e04088460c1', 'Red'),
	('66ea2f40-7f1a-44fe-9e3a-fd120c45c74f', 'Brown'),
	('1e15f91e-5638-4e7c-b2d4-c1f9b37e61ee', 'White');
/*!40000 ALTER TABLE `color` ENABLE KEYS */;

-- Dumping structure for table tb-micro-product.image
CREATE TABLE IF NOT EXISTS `image` (
  `id` varchar(100) NOT NULL,
  `url` varchar(1000) NOT NULL,
  `product_id` varchar(100) DEFAULT NULL,
  PRIMARY KEY (`id`),
  KEY `FK_product_id` (`product_id`),
  CONSTRAINT `FK_product_id` FOREIGN KEY (`product_id`) REFERENCES `product` (`id`) ON DELETE SET NULL
) ENGINE=InnoDB DEFAULT CHARSET=latin1;

-- Dumping data for table tb-micro-product.image: ~151 rows (approximately)
/*!40000 ALTER TABLE `image` DISABLE KEYS */;
INSERT INTO `image` (`id`, `url`, `product_id`) VALUES
	('006187cb-db13-4641-aeae-41eea7750af4', 'https://images-na.ssl-images-amazon.com/images/I/91H-06yQudL._SL1500_.jpg', 'z906'),
	('0130ef04-96ab-4092-bb56-5579e423ddc7', 'https://images-na.ssl-images-amazon.com/images/I/71HK8caaMoL._SL1500_.jpg', 'qn65q90rafxza-'),
	('0219e409-62a5-4211-849a-7a3f6427ae50', 'https://images-na.ssl-images-amazon.com/images/I/51N2RR-2cFL._SL1500_.jpg', 'z906'),
	('05231ae8-ae4a-4c2d-8b01-ff6161429d12', 'https://images-na.ssl-images-amazon.com/images/I/61zw9092p%2BL._SL1000_.jpg', 'headphones-sennheiser-hd-599'),
	('07871c73-35f2-4f64-a4cc-2e69d544b413', 'https://images-na.ssl-images-amazon.com/images/I/71OqGOXoGIL._SL1500_.jpg', 'bose-quietcomfort-35'),
	('08e2a0c3-bb87-4bd3-813d-2e6649e27603', 'https://images-na.ssl-images-amazon.com/images/I/81A5CtBcioL._SL1500_.jpg', 'headphones-sennheiser-hd-599'),
	('09618fb7-0214-4ffe-9522-486481f3e38e', 'aaaa', NULL),
	('09b555da-68a1-4bf0-a71e-153283466e3e', 'https://images-na.ssl-images-amazon.com/images/I/81vtXhFRpML._SL1500_.jpg', '4wj86ua'),
	('09e0331e-d918-429f-a82c-b24b2deb09e4', 'https://images-na.ssl-images-amazon.com/images/I/81sJx6XwqhL._SL1500_.jpg', '4wj86ua'),
	('0ee1d602-9f65-4c39-9d3f-9dfadd259cc5', 'https://images-na.ssl-images-amazon.com/images/I/61sGN5PnIdL._SL1422_.jpg', 'usb-type-c-'),
	('0ffcb0bc-0b8d-4839-9564-3e43cc9d3b2d', 'https://images-na.ssl-images-amazon.com/images/I/615bmX%2B0yuL._SL1200_.jpg', NULL),
	('1027f8d4-8a63-472f-85a8-b761513ab1d8', 'https://images-na.ssl-images-amazon.com/images/I/51hnZprFZQL._SL1200_.jpg', '24-f0047c'),
	('109de2b0-0e39-4167-9552-7f2226683133', 'https://images-na.ssl-images-amazon.com/images/I/612hIjqoI9L._SL1104_.jpg', '24-f0047c'),
	('126e06aa-87d1-48bc-964d-73430a918997', 'https://images-na.ssl-images-amazon.com/images/I/61c3X2BU4QL._SL1200_.jpg', '24-f0047c'),
	('1673025b-73a8-4ac6-88aa-f4c655de7ec2', 'https://images-na.ssl-images-amazon.com/images/I/11U9PRlymUL.jpg', 'ipad'),
	('17705aad-5e81-474e-88c9-4ad1f6ae7e62', 'https://images-na.ssl-images-amazon.com/images/I/81rJEOaNk9L._SL1500_.jpg', 'go-2-'),
	('1abe2587-d850-4ec8-8b33-292dd812528d', 'https://images-na.ssl-images-amazon.com/images/I/71CokGZvymL._SL1000_.jpg', 'headphones-sennheiser-hd-599'),
	('210ddb8f-36ce-44c1-a6d7-fd0d9f29fa75', 'https://images-na.ssl-images-amazon.com/images/I/51z5SgPTpdL._SL1455_.jpg', 'usb-type-c-'),
	('21159753-8850-440d-83b9-9f1db1e503dd', 'https://images-na.ssl-images-amazon.com/images/I/814d1kZahGL._SL1500_.jpg', '20-series'),
	('229d302a-fe95-452e-ae4a-ed00f32f9715', 'https://images-na.ssl-images-amazon.com/images/I/51IoReHinNL._SL1200_.jpg', 'htp-074'),
	('234fcf93-67b1-47c5-9e88-634405584dda', 'https://images-na.ssl-images-amazon.com/images/I/91T14RFHt2L._SL1500_.jpg', 'go-2-'),
	('2531005b-1d3d-4e2a-a644-2ad552a074d2', 'https://images-na.ssl-images-amazon.com/images/I/81plOSo2LRL._SL1500_.jpg', 'hd-598'),
	('257f397f-b8d7-4836-a907-f5d24591f0f8', 'https://images-na.ssl-images-amazon.com/images/I/81Hajq6vPiL._SL1500_.jpg', 'ath-m50x'),
	('28e7a2f5-b688-471c-9a33-33d36e66ab31', 'https://images-na.ssl-images-amazon.com/images/I/61JPyEqYGQL._SL1000_.jpg', 'bose-quietcomfort-35'),
	('2f622428-636a-4412-9156-2e94bf65bcf5', 'https://images-na.ssl-images-amazon.com/images/I/81DdsUPatuL._SL1500_.jpg', 'hd-598'),
	('324752c8-8482-46ad-bd43-3a4da679d9a3', 'https://images-na.ssl-images-amazon.com/images/I/716HTGlbYEL._SL1000_.jpg', 'headphones-sennheiser-hd-599'),
	('346d969b-f7a3-4508-9ee5-80e36e6a2c03', 'https://images-na.ssl-images-amazon.com/images/I/71omlPEzfCL._SL1500_.jpg', 'quietcomfort-25'),
	('34733ae2-5748-4d19-896d-be9aaaef4ff6', 'https://images-na.ssl-images-amazon.com/images/I/81wC6lcc87L._SL1500_.jpg', 'qn65q90rafxza-'),
	('36ec9da8-2f7d-4c2d-a25a-dec7cf597da1', 'https://images-na.ssl-images-amazon.com/images/I/610DzWqXbfL._SL1000_.jpg', 'paperwhite'),
	('387759eb-7d82-45a0-ae57-83fadca05e04', 'https://images-na.ssl-images-amazon.com/images/I/51722a26UzL._SL1500_.jpg', 'qn65q90rafxza-'),
	('3b10b42b-9d4e-42a3-b42a-3cd9c47c1b13', 'https://images-na.ssl-images-amazon.com/images/I/51I7Gfv%2BQLL._SL1000_.jpg', 'fire-tv-stick-4k'),
	('3d797d48-8d1d-4bff-8a9b-654bd37d9e8a', 'https://images-na.ssl-images-amazon.com/images/I/6188bLRU64L._SL1000_.jpg', 'soundlink-ii'),
	('3f830b49-f28d-4970-a1bc-a7eb6946970d', 'https://images-na.ssl-images-amazon.com/images/I/615bmX%2B0yuL._SL1200_.jpg', 'htp-074'),
	('400f13ea-8071-41f7-9c35-d32ed5dba078', 'https://images-na.ssl-images-amazon.com/images/I/41Rp62JAbmL.jpg', 'ipad'),
	('401e849a-9a94-4083-acbb-b21a2927b3b9', 'https://images-na.ssl-images-amazon.com/images/I/712Av29sxyL._SL1500_.jpg', '20-series'),
	('42309118-7ca9-4c85-ab43-61b3744e12e7', 'https://images-na.ssl-images-amazon.com/images/I/61H0%2B9UlSQL._SL1024_.jpg', 'iphone-xs'),
	('441b281f-c8de-41a7-b543-43d7cf435829', 'https://images-na.ssl-images-amazon.com/images/I/61-gcgwmI-L._SL1500_.jpg', 'qn65q70rafxza'),
	('45057899-9a87-4382-9d38-35d85aa03281', 'https://images-na.ssl-images-amazon.com/images/I/81FxKBmV%2B3L._SL1500_.jpg', 'z906'),
	('47a359c7-0501-4679-a84d-da3923442962', 'https://images-na.ssl-images-amazon.com/images/I/61IF14pjMwL._SL1500_.jpg', 'galaxy-a30'),
	('4a2933c1-2794-4f46-b172-867cb5e5286f', 'https://images-na.ssl-images-amazon.com/images/I/61H8ss4RqZL._SL1000_.jpg', 'audio-technica-ath-msr7bk'),
	('4ed47637-30c6-4a45-a89c-48c2393c5cc9', 'https://images-na.ssl-images-amazon.com/images/I/81TLd42hpLL._SL1500_.jpg', '4wj86ua'),
	('54066d07-47e3-416e-a07f-34bae143c1c1', 'https://images-na.ssl-images-amazon.com/images/I/812jz58oehL._SL1500_.jpg', 'qn65q70rafxza'),
	('57da9c60-174e-4443-afa8-5d04c1f039a6', 'https://images-na.ssl-images-amazon.com/images/I/315pjGCbo%2BL.jpg', 'ipad'),
	('58e31dc3-2d6f-4998-b167-7376192a13c9', 'https://images-na.ssl-images-amazon.com/images/I/815FG9vOdiL._SL1500_.jpg', 'ath-m50x'),
	('58f53376-b860-43de-a3b0-5c5cb496fe39', 'https://images-na.ssl-images-amazon.com/images/I/81elLa2Ya8L._SL1500_.jpg', 'quietcomfort-25'),
	('59585a49-e1d8-41c2-ae66-28a0913815be', 'https://images-na.ssl-images-amazon.com/images/I/61SJLQB134L._SL1000_.jpg', 'fire-hd-8'),
	('599bef16-833e-4ca4-9cc5-b88a204d965e', 'https://images-na.ssl-images-amazon.com/images/I/21fYoQcldML.jpg', 'hd-598'),
	('59e38f48-531c-49c0-9b32-55e60871571e', 'https://images-na.ssl-images-amazon.com/images/I/819Yo5QkLTL._SL1500_.jpg', 'galaxy-a30'),
	('5a034bcd-b261-48d2-b2bb-5422bc56087e', 'https://images-na.ssl-images-amazon.com/images/I/51Vx8o1VFDL._SL1024_.jpg', 'ipad'),
	('5a991512-8004-4810-b8b8-8901b5883a15', 'https://images-na.ssl-images-amazon.com/images/I/51CgKGfMelL._SL1000_.jpg', 'fire-tv-stick-4k'),
	('5f22823c-1f98-4f89-b30e-1b39a7c2e157', 'https://images-na.ssl-images-amazon.com/images/I/61rC-yMhtZL._SL1000_.jpg', 'headphones-sennheiser-hd-599'),
	('61af0f4a-27d6-478c-8c79-ac2c2af8989b', 'https://images-na.ssl-images-amazon.com/images/I/61eAq6gg-XL._SL1000_.jpg', 'paperwhite'),
	('630e5c27-4a41-44b6-ab11-0b0369038d1f', 'https://images-na.ssl-images-amazon.com/images/I/31gNzHU-M6L.jpg', 'audio-technica-ath-msr7bk'),
	('6345f5e8-c313-4393-93c3-691cbafbdeb5', 'https://images-na.ssl-images-amazon.com/images/I/71IOTeXsJRL._SL1500_.jpg', 'ath-m50x'),
	('6cc969b8-926b-4c17-bb02-0b9eff973dce', 'https://images-na.ssl-images-amazon.com/images/I/81%2BPaJnjIWL._SL1500_.jpg', 'ath-m50x'),
	('6e96cc6b-0921-4d04-acd4-7bf013c2e0a4', 'https://images-na.ssl-images-amazon.com/images/I/61-5JCvBQCL._SL1495_.jpg', 'dual-port-usb'),
	('73b469c7-d5af-4aaf-a305-366230746fa6', 'https://images-na.ssl-images-amazon.com/images/I/A1I7u42J4uL._SL1500_.jpg', 'un40nu7100fxza-'),
	('7505e014-50bd-4a66-b77b-3e038e238490', 'https://images-na.ssl-images-amazon.com/images/I/812Hiv0R%2BZL._SL1500_.jpg', 'ath-m50x'),
	('79a3278f-61c1-4d4e-b109-10bcc9d798cd', 'https://images-na.ssl-images-amazon.com/images/I/61QXSskkFCL._SL1000_.jpg', 'fire-tv-stick-4k'),
	('7f910a3e-801b-4dc6-b6ed-2ebb13490ca2', 'https://images-na.ssl-images-amazon.com/images/I/71iLM2%2BUpZL._SL1500_.jpg', 'go-2-'),
	('804d81c8-1309-462c-bd14-85cccca797d0', 'https://images-na.ssl-images-amazon.com/images/I/811%2BCtkM6BL._SL1500_.jpg', 'hd-598'),
	('8304bce6-f372-4888-9347-d2f14e78d517', 'https://images-na.ssl-images-amazon.com/images/I/51P%2B1JNnpnL._SL1046_.jpg', 'usb-type-c-'),
	('84e2d63c-5bb7-4d0a-8e03-dfe6d78c9f63', 'https://images-na.ssl-images-amazon.com/images/I/61l56yUbslL._SL1500_.jpg', 'quietcomfort-25'),
	('86d65398-0e57-4c75-96ad-41ad190a8af9', 'https://images-na.ssl-images-amazon.com/images/I/71YSEWvkDIL._SL1000_.jpg', 'headphones-sennheiser-hd-599'),
	('87bd9641-8c70-4754-9ded-f5135609eba7', 'https://images-na.ssl-images-amazon.com/images/I/71MPKW60BbL._SL1000_.jpg', 'fire-hd-8'),
	('8a2f564d-149d-4457-a1a6-187597242d9c', 'https://images-na.ssl-images-amazon.com/images/I/61Ne3h1KQ8L._SL1500_.jpg', 'soundlink-micro'),
	('8a6ecb04-5f0b-40d4-9be1-185fef601fd3', 'https://images-na.ssl-images-amazon.com/images/I/61UojnxVbPL._SL1024_.jpg', 'iphone-xs'),
	('8b6621ec-be50-4677-a8a9-5529f6efd2dc', 'https://images-na.ssl-images-amazon.com/images/I/614GH334qvL._SL1500_.jpg', '20-series'),
	('8f9499d8-2c0a-4d45-840c-39379c95f7ae', 'https://images-na.ssl-images-amazon.com/images/I/71v1s8Lb4SL._SL1500_.jpg', 'note-8-'),
	('924f0c0d-73f7-4238-82e5-099bdf3aa57c', 'https://images-na.ssl-images-amazon.com/images/I/81y3NiFabYL._SL1500_.jpg', 'z906'),
	('928220c9-e1e9-4e59-a6d5-e97e8f0fb635', 'https://images-na.ssl-images-amazon.com/images/I/71xTk8jF1EL._SL1500_.jpg', 'bose-quietcomfort-35'),
	('970f23ac-7050-4b72-9f28-a61db635f300', 'https://images-na.ssl-images-amazon.com/images/I/71yqkmEkGzL._SL1500_.jpg', 'soundlink-micro'),
	('992f94a0-4f0a-4b38-990d-7ca71213b5c6', 'https://images-na.ssl-images-amazon.com/images/I/81EcudA5T0L._SL1500_.jpg', 'galaxy-a30'),
	('998efe64-c6ec-484c-8a0d-0acd30dbdce1', 'https://images-na.ssl-images-amazon.com/images/I/61-SCxf%2BagL._SL1000_.jpg', 'audio-technica-ath-msr7bk'),
	('99bcbd68-97bd-4d69-b390-c781e1441a6e', 'https://images-na.ssl-images-amazon.com/images/I/91lotLgPeaL._SL1500_.jpg', 'un40nu7100fxza-'),
	('99f09ca6-ce59-4085-be80-50bf50bc7211', 'https://images-na.ssl-images-amazon.com/images/I/81USXpJn8hL._SL1500_.jpg', '20-series'),
	('9d1324a8-9334-48f1-a63b-65849357ce59', 'https://images-na.ssl-images-amazon.com/images/I/61Et9gACK9L._SL1500_.jpg', 'un40nu7100fxza-'),
	('9d4e5005-9d62-4137-8dfc-1d7c9a5b2671', 'https://images-na.ssl-images-amazon.com/images/I/81LASFJ1UPL._SL1500_.jpg', 'go-2-'),
	('9f8eecb8-a257-4520-bd1b-b33144104516', 'https://images-na.ssl-images-amazon.com/images/I/81vVMXAw2mL._SL1500_.jpg', 'bose-quietcomfort-35'),
	('a196c035-ae1d-4706-97ce-d3f6d9e658b1', 'https://images-na.ssl-images-amazon.com/images/I/71ftv43x6-L._SL1500_.jpg', 'huawei-honor-8x'),
	('a1d34c60-83db-4d3e-be37-042b589046df', 'https://images-na.ssl-images-amazon.com/images/I/71I2jnOirqL._SL1500_.jpg', 'galaxy-a30'),
	('a26536b8-33f1-417b-a2d5-950500564c07', 'https://images-na.ssl-images-amazon.com/images/I/51XnkRF4e%2BL._SL1000_.jpg', 'inspiron'),
	('a6acb769-486e-48a7-a637-59a0ade5ce60', 'https://images-na.ssl-images-amazon.com/images/I/61-ZwXULi%2BL._SL1200_.jpg', '24-f0047c'),
	('a6e25bbc-36cb-4cee-98d0-6846484a4193', 'https://images-na.ssl-images-amazon.com/images/I/51eyyHXkjhL._SL1500_.jpg', 'huawei-honor-8x'),
	('a8aeee9c-0107-401e-8d9c-b9e26c36aa15', 'https://images-na.ssl-images-amazon.com/images/I/61f9noMXCFL._SL1000_.jpg', 'fire-tv-stick-4k'),
	('a8c7b521-e5de-46f1-95d0-7744a7e56d6f', 'https://images-na.ssl-images-amazon.com/images/I/51NpSS7aPIL._SL1000_.jpg', 'inspiron'),
	('aee616f9-31ba-4a6c-bd16-0c04ac19e4d6', 'https://images-na.ssl-images-amazon.com/images/I/619%2B-imADHL._SL1000_.jpg', 'audio-technica-ath-msr7bk'),
	('b0938403-1f19-4ad3-9271-32aebcb508a1', 'https://images-na.ssl-images-amazon.com/images/I/51IoReHinNL._SL1200_.jpg', NULL),
	('b1036e27-0917-4cd4-b021-e131966bd278', 'https://images-na.ssl-images-amazon.com/images/I/713n2dvqMaL._SL1500_.jpg', 'ipad'),
	('b14737af-a46f-4b4e-8e69-16ba976aa3ab', 'https://images-na.ssl-images-amazon.com/images/I/51x4j48wCpL._SL1024_.jpg', 'ipad'),
	('b2e6140c-fa0c-41d6-961e-45a9ec7703f3', 'https://images-na.ssl-images-amazon.com/images/I/618og3BJd%2BL._SL1150_.jpg', 'usb-type-c-'),
	('b48e67af-9e9a-4f3e-9d3a-23c9110e0487', 'https://images-na.ssl-images-amazon.com/images/I/81t4sgDlfhL._SL1500_.jpg', 'hd-598'),
	('b4d16e0a-0af0-4f15-8748-af421f8008ff', 'https://images-na.ssl-images-amazon.com/images/I/41a09hOVL5L._SL1024_.jpg', 'iphone-xs'),
	('b7149748-1c2f-41fe-95f8-9cbd2e41030b', 'https://images-na.ssl-images-amazon.com/images/I/71R4yfSBy8L._SL1500_.jpg', 'soundlink-ii'),
	('b85a6bb3-cc21-461f-ac37-cd8d6582ae10', 'https://images-na.ssl-images-amazon.com/images/I/815twdo9--L._SL1500_.jpg', 'dual-port-usb'),
	('bbaf218c-1700-4ffc-b857-e63ee1d35b00', 'https://images-na.ssl-images-amazon.com/images/I/51QcwnqE7AL._SL1000_.jpg', 'inspiron'),
	('c01f7591-0d64-42bb-9a82-a54a75dadaaa', 'https://images-na.ssl-images-amazon.com/images/I/81b4pW0dzlL._SL1500_.jpg', 'un40nu7100fxza-'),
	('c06303ad-bc6f-4ca5-aeab-94b6c3dbf45f', 'https://images-na.ssl-images-amazon.com/images/I/81bR2p0U1yL._SL1500_.jpg', 'qn65q70rafxza'),
	('c24d0a47-652b-4801-a737-1de80d3ab30f', 'https://images-na.ssl-images-amazon.com/images/I/61UsM2Ij%2BjL._SL1000_.jpg', 'paperwhite'),
	('c3177caf-ad29-4b84-bd2c-fc50e5af63f2', 'https://images-na.ssl-images-amazon.com/images/I/61i%2BWuveOxL._SL1000_.jpg', 'paperwhite'),
	('c3fe26fe-84cb-410c-b4d0-4ccd6230f843', 'https://images-na.ssl-images-amazon.com/images/I/61dlvELJRlL._SL1500_.jpg', 'huawei-honor-8x'),
	('c499eae9-d62a-48dd-9117-64c2e97d0d6c', 'https://images-na.ssl-images-amazon.com/images/I/31XQ8wKtotL.jpg', 'hd-598'),
	('c4bf54c6-3d97-479b-a273-ce5a2df62cf8', 'https://images-na.ssl-images-amazon.com/images/I/71zrEDqarjL._SL1500_.jpg', '20-series'),
	('c59f8842-b3ad-485a-a926-674eb39e9679', 'https://images-na.ssl-images-amazon.com/images/I/81xxvYnbOXL._SL1500_.jpg', 'z906'),
	('c602d52d-6778-439c-8abd-bfb2caa66372', 'https://images-na.ssl-images-amazon.com/images/I/81uuNY%2B2tZL._SL1500_.jpg', 'huawei-honor-8x'),
	('c6060bdc-43ce-4957-a987-5c13f1d7919b', 'https://images-na.ssl-images-amazon.com/images/I/71WsHXnHpbL._SL1500_.jpg', 'soundlink-micro'),
	('c6867d43-3367-46c4-9953-f700b83ad6e6', 'https://images-na.ssl-images-amazon.com/images/I/81pYD1kbC%2BL._SL1500_.jpg', 'z906'),
	('c6c1cf98-4651-43e1-82c1-8de1b31e87c9', 'https://images-na.ssl-images-amazon.com/images/I/41j2E7oV1lL._SL1024_.jpg', 'iphone-xs'),
	('c6d32c38-09da-4fc3-a865-e3fb1fcbaaf2', 'https://images-na.ssl-images-amazon.com/images/I/91eWjdLgiJL._SL1500_.jpg', 'qn65q70rafxza'),
	('c91bffc5-25b9-4404-8868-64aa9e80f94a', 'https://images-na.ssl-images-amazon.com/images/I/81OOnX%2B79oL._SL1500_.jpg', '4wj86ua'),
	('c97dd7e9-a18a-40dd-aeea-7f4178da6fb1', 'https://images-na.ssl-images-amazon.com/images/I/71R46ju5GzL._SL1500_.jpg', 'iphone-xs'),
	('ca6913c0-6995-4344-8c47-ca12a902a623', 'https://images-na.ssl-images-amazon.com/images/I/91E59lCLUYL._SL1500_.jpg', 'un40nu7100fxza-'),
	('cd5b3020-70c9-416e-941f-3aefbac4607b', 'https://images-na.ssl-images-amazon.com/images/I/71ttNATJjaL._SL1500_.jpg', '20-series'),
	('cdf37739-cd52-4d7b-b458-1df46be0f421', 'https://images-na.ssl-images-amazon.com/images/I/61iRUSORAcL._SL1000_.jpg', 'fire-hd-8'),
	('ce160fb1-398c-4406-b1f2-b9c22cfe726c', 'https://images-na.ssl-images-amazon.com/images/I/91BDTKsH-bL._SL1500_.jpg', 'un40nu7100fxza-'),
	('ce346de7-2d14-4e40-83c2-1f70aeb4f615', 'https://images-na.ssl-images-amazon.com/images/I/71EG-dGaQTL._SL1500_.jpg', 'note-8-'),
	('d08cb71e-6c0f-486f-9b13-f5fa69526acf', 'https://images-na.ssl-images-amazon.com/images/I/61jLwfMIsrL._SL1500_.jpg', 'huawei-honor-8x'),
	('d199a138-c9de-40b6-9c74-53d30149b3d1', 'https://images-na.ssl-images-amazon.com/images/I/71aSkIayE8L._SL1500_.jpg', 'qn65q90rafxza-'),
	('d282d72e-7c29-4fc4-9657-cf3e2182149e', 'https://images-na.ssl-images-amazon.com/images/I/61MLQ2L-YvL._SL1000_.jpg', 'fire-tv-stick-4k'),
	('d7efd470-31fc-481b-a428-abe1b76e0f03', 'https://images-na.ssl-images-amazon.com/images/I/61E3bh882vL._SL1024_.jpg', 'iphone-xs'),
	('d8a471b3-bbbd-48dc-acda-32429cb6d2f9', 'https://images-na.ssl-images-amazon.com/images/I/61-uao3P1BL._SL1500_.jpg', 'huawei-honor-8x'),
	('da70a354-01e6-4d82-8774-5e6abb86e7b4', 'https://images-na.ssl-images-amazon.com/images/I/61b9qL1CX1L._SL1000_.jpg', 'fire-tv-stick-4k'),
	('db1a0c0f-d6bf-494c-8bd2-40b9522b8fb9', 'https://images-na.ssl-images-amazon.com/images/I/71hdEfoNUQL._SL1500_.jpg', 'z906'),
	('ddf05631-d701-407f-9ff5-45729b46831e', 'https://images-na.ssl-images-amazon.com/images/I/51QLsqPtH%2BL._SL1200_.jpg', NULL),
	('de857fa0-7066-4a51-a360-dd84db83deb3', 'https://images-na.ssl-images-amazon.com/images/I/613Yy-EXzhL._SL1500_.jpg', 'soundlink-micro'),
	('deb1d7bd-3324-4fb7-b407-859bff2e788c', 'https://images-na.ssl-images-amazon.com/images/I/51e8BaDwG2L._SL1500_.jpg', 'galaxy-a30'),
	('df247120-f621-4eca-bba5-283fcf108547', 'https://images-na.ssl-images-amazon.com/images/I/81eR41G4ydL._SL1500_.jpg', 'z906'),
	('dff41be2-6ee3-49c5-bf09-6da440b6f622', 'https://images-na.ssl-images-amazon.com/images/I/81pSEDsEVIL._SL1500_.jpg', '4wj86ua'),
	('e0755d03-2bf5-4a12-908b-0e11ef96cbb3', 'https://images-na.ssl-images-amazon.com/images/I/71fQDfmVjcL._SL1500_.jpg', 'quietcomfort-25'),
	('e15b8aac-c1c3-4b6e-a029-4a123c477169', 'https://images-na.ssl-images-amazon.com/images/I/81AL8CorCPL._SL1500_.jpg', 'usb-type-c-'),
	('e175c991-aae0-487b-a90c-1208f0092754', 'https://images-na.ssl-images-amazon.com/images/I/71wjfOWQhsL._SL1500_.jpg', 'note-8-'),
	('e35600b4-5596-478c-bacc-beb6061d795b', 'https://images-na.ssl-images-amazon.com/images/I/41VEltXs2iL.jpg', 'inspiron'),
	('e3a3ae1b-fcb4-4594-b0c7-05bfe9bc6de0', 'https://images-na.ssl-images-amazon.com/images/I/71r5yiYW3nL._SL1500_.jpg', 'soundlink-ii'),
	('e3ca1df9-7382-4f62-9bbf-89d0dc8c5a2f', 'https://images-na.ssl-images-amazon.com/images/I/61XjFZcJmRL._SL1500_.jpg', 'soundlink-micro'),
	('e43543f6-1728-4cfd-8b45-d962ef73d535', 'https://images-na.ssl-images-amazon.com/images/I/51EzHBJ%2BhzL._SL1500_.jpg', 'galaxy-a30'),
	('e7b92986-df87-4bc4-8952-cc52557a6453', 'https://images-na.ssl-images-amazon.com/images/I/61Hf2QAdauL._SL1000_.jpg', 'audio-technica-ath-msr7bk'),
	('e7bc78da-3729-4161-8090-fb2adf59a40c', 'https://images-na.ssl-images-amazon.com/images/I/51QLsqPtH%2BL._SL1200_.jpg', 'htp-074'),
	('e91f862a-5397-4b23-b1a5-38171a2c6c58', 'https://images-na.ssl-images-amazon.com/images/I/61-9c7GDHxL._SL1000_.jpg', 'paperwhite'),
	('ee1e0012-2910-4aab-8cb2-0e0eb41bfaa4', 'https://images-na.ssl-images-amazon.com/images/I/81p4PTEe%2B0L._SL1500_.jpg', 'un40nu7100fxza-'),
	('eebc5580-94ff-4718-8d62-cb73a5082df4', 'https://images-na.ssl-images-amazon.com/images/I/71LirOdu88L._SL1500_.jpg', 'soundlink-ii'),
	('ef4bb2be-7065-4fad-bdb2-5a5644e8ee1f', 'https://images-na.ssl-images-amazon.com/images/I/71tgWeImVvL._SL1000_.jpg', 'paperwhite'),
	('f0828cc7-8b16-44ec-acba-1d5aaca0c975', 'https://images-na.ssl-images-amazon.com/images/I/61A27l5J4uL._SL1000_.jpg', 'fire-hd-8'),
	('f22d1a0b-d697-456b-a463-ef6574d03bb9', 'https://images-na.ssl-images-amazon.com/images/I/71CySV1iAjL._SL1200_.jpg', 'quietcomfort-25'),
	('f31df8b7-b0b8-4907-b2cc-77a74ed86cf9', 'https://images-na.ssl-images-amazon.com/images/I/7196VLfktNL._SL1500_.jpg', 'quietcomfort-25'),
	('f4387ed9-dbb1-4c29-b38a-7f67c207ffae', 'https://images-na.ssl-images-amazon.com/images/I/71ixWCKf5dL._SL1500_.jpg', 'dual-port-usb'),
	('f7502105-0b86-4fb8-a8f1-5c2866df8fa4', 'https://images-na.ssl-images-amazon.com/images/I/91JPrxbYLeL._SL1500_.jpg', 'go-2-'),
	('fa64518c-ee68-470a-b341-3d0a715e84e2', 'https://images-na.ssl-images-amazon.com/images/I/71jsXALuYKL._SL1500_.jpg', 'note-8-'),
	('fb50eab4-d156-4844-b1ae-d4d2ef52dd8f', 'https://images-na.ssl-images-amazon.com/images/I/A18aQa4yI7L._SL1500_.jpg', 'un40nu7100fxza-'),
	('fc104922-339e-4d1c-bcd1-16e9f22c0c3d', 'https://images-na.ssl-images-amazon.com/images/I/51HxoMg0gUL._SL1500_.jpg', 'huawei-honor-8x'),
	('fc1cae22-e000-407d-875b-dd4b6d502719', 'aaa', NULL),
	('ffb5fa91-decb-42f7-bc9a-740f5306b6b5', 'https://images-na.ssl-images-amazon.com/images/I/610N8P0El6L._SL1000_.jpg', 'fire-tv-stick-4k');
/*!40000 ALTER TABLE `image` ENABLE KEYS */;

-- Dumping structure for table tb-micro-product.product
CREATE TABLE IF NOT EXISTS `product` (
  `id` varchar(255) NOT NULL,
  `description` varchar(3000) DEFAULT NULL,
  `name` varchar(255) DEFAULT NULL,
  `price` double DEFAULT NULL,
  `quantity` int(11) DEFAULT NULL,
  `thumbnail` varchar(255) DEFAULT NULL,
  `subcategory_id` varchar(255) DEFAULT NULL,
  PRIMARY KEY (`id`),
  KEY `subcategory_id` (`subcategory_id`),
  CONSTRAINT `subcategory_id` FOREIGN KEY (`subcategory_id`) REFERENCES `subcategory` (`id`)
) ENGINE=InnoDB DEFAULT CHARSET=latin1;

-- Dumping data for table tb-micro-product.product: ~28 rows (approximately)
/*!40000 ALTER TABLE `product` DISABLE KEYS */;
INSERT INTO `product` (`id`, `description`, `name`, `price`, `quantity`, `thumbnail`, `subcategory_id`) VALUES
	('20-series', 'GREAT FOR THE WHOLE FAMILY: Whether you\'re looking to surf, stream, or tackle that next big assignment, this PC has been designed to give everyone what they need\nRELIABLE PROCESSOR: Intel(R) Celeron(R) processor J4005\nINTEGRATED HD DISPLAY: 19.5" HD diagonal widescreen + TN WLED-backlit display (1600x900)\nGREAT STORAGE AND MEMORY: 1 TB hard drive + 4 GB SDRAM\nINTEL(R) UHD GRAPHICS 600: Smoothly stream content and play your favorite games\nMOUSE AND KEYBOARD: USB white wired keyboard with volume control and USB white wired optical mouse\nSTYLISH DESIGN: Ripple pattern and an elevated stand', '20 Series', 400, 2, 'https://images-na.ssl-images-amazon.com/images/I/814d1kZahGL._SL1500_.jpg', '15b5b767-4082-466d-9e8e-bdda821ede27'),
	('24-f0047c', 'PERFORMANCE: Powerful AMD A9 Dual Core processor and 8 GB of DDR4 SDRAM memory for high performance / Powered by Windows 10 Home\nSTORAGE: Plenty of storage space thanks to 1 TB hard drive; store and share media via DVD writer and 3-in-1 card reader\nDISPLAY: Gigantic 23.8" Full HD backlit touchscreen micro edge display plus AMD Radeon R5 GPU\nCONNECT: Connect using 802.11ac wireless and Bluetooth 4.2\nSOUND AND VIDEO: Front-facing HP HD privacy camera plus integrated audio with stereo speakers', '24-F0047C', 467, 3, 'https://images-na.ssl-images-amazon.com/images/I/612hIjqoI9L._SL1104_.jpg', '15b5b767-4082-466d-9e8e-bdda821ede27'),
	('4wj86ua', '8th Generation Intel Core i5 Quad-core Processor, up to 3.4 GHz with Intel Turbo Boost Technology, 6MB Cache\n17.3-inch diagonal HD+ SVA BrightView WLED-backlit Display (1600x900)\n8GB DDR4 SDRAM / 16 GB Intel Optane memory, 2TB, 2TB 5400 RPM Serial ATA hard drive\n802.11b/g/n/ac (2x2) Wi-Fi, DVD-Writer, Full-size island-style backlit keyboard with numeric keypad\nWindows 10 Home, 2-year Care Pack is included for extended protection beyond the standard limited warranty', '4WJ86UA', 591, 5, 'https://images-na.ssl-images-amazon.com/images/I/81TLd42hpLL._SL1500_.jpg', 'c834072c-3bb5-4644-a1bc-6736cf043c04'),
	('ath-m50x', 'As the most critically acclaimed model in the M-Series line, the ATH-M50 is praised by top audio engineers and pro audio reviewers year after year. Now, the ATH-M50x professional studio monitor headphones feature the same coveted sonic signature, with the added feature of detachable cables. From the large aperture drivers, sound isolating earcups and robust construction, the M50x provides an unmatched experience for the most critical audio professionals.', 'ATH-M50x', 148.49, 25, 'https://images-na.ssl-images-amazon.com/images/I/81Hajq6vPiL._SL1500_.jpg', 'c93b538a-fa4d-4b6e-889b-c54df57e2129'),
	('audio-technica-ath-msr7bk', 'Audio-Technica ATH-MSR7 SonicPro (Black) Over-Ear High-Resolution Audio Headphones Springing from Audio-Technicas rich heritage in professional audio, the ATH-MSR7 Over-Ear High-Resolution Audio Headphones are designed to reproduce Hi-Res Audio, allowing users to hear music the way it was intended. The over-ear headphones are outfitted with exclusive 45 mm True Motion Drivers, which utilize lightweight voice coils, a custom-mounted printed circuit board and specially designed diaphragm to improve transient response and minimize sound distortion for rich, detailed audio reproduction. The ATH-MSR7 features multi-layered air damping technology for extended mid-to-low frequency response. The housings, designed to mirror the full shape of the ear, are constructed of an aluminum/magnesium mix, layered to provide a lightweight, rigid structure that reduces unwanted resonance. Three precisely placed vents within these layers work to control air flow and improve dynamics. A stainless steel acoustic mesh resistor provides improved high-frequency response, while a bass acoustic resistor delivers accurate low-frequency response. The headphones highly flexible swivel design - with soft, memory foam earpads and headband - ensure lasting comfort even during the longest listening sessions. And with three detachable cables, one with in-line controls and microphone for smartphones and other devices, the ATH-MSR7 provides Hi-Res Audio anywhere you go.', 'ATH-MSR7BK', 159.99, 34, 'https://images-na.ssl-images-amazon.com/images/I/61H8ss4RqZL._SL1000_.jpg', 'c93b538a-fa4d-4b6e-889b-c54df57e2129'),
	('bose-quietcomfort-35', ' How did Bose make its world-class noise cancelling headphones even better? It now allows you to adjust the level of noise cancellation on the new Quiet Comfort 35 wireless headphones II. All it takes is a push of the new Action button to take full advantage of the industry-leading noise cancelling technology and completely block out the world around you, or let in some noise around you. You choose the level that best suits your environment. So go ahead, lose yourself in your music-or the quiet. Of course, QC35 headphones II also deliver the same performance and technologies you expect from Bose: volume-optimized EQ so the sound is always true to your music no matter the volume and a noise-rejecting dual-mic system for clear calls, even in noisy environments. The built-in microphone also gives you easy access to your phone\'s default virtual assistant, like Siri. Just hold down the multi-function button and use the power of your voice to control your music and more. Plus, you\'ll be free from wires with Bluetooth and NFC pairing and voice prompts to walk you through every step of the process. Premium materials like super-soft Alcantara and synthetic protein leather make for a comfortable fit for listening all day long. And for even more functionality, download the Bose Connect app. It lets you personalize your headphones, share music between more than one pair of compatible Bose Bluetooth headphones, manage Bluetooth connections and access future software updates. You can even choose your level of noise cancellation directly within the app. Up to 20 hours of battery life from a rechargeable lithium-ion battery (and up to 40 hours in wired mode) let you keep the music playing all day-or flight, train ride, study session-long. Available in Black or Silver.', 'QuietComfort 35', 349, 10, 'https://images-na.ssl-images-amazon.com/images/I/61JPyEqYGQL._SL1000_.jpg', 'c93b538a-fa4d-4b6e-889b-c54df57e2129'),
	('dual-port-usb', '2-port 24-watt USB car charger plugs into a cars DC adapter and can charge up to 2 devices at a timegreat for phones, tablets, and other devices\nDevice detection allows for charging at the fastest speed possibleup to 2.4 amps per port or 4.8 amps total (does not support Qualcomm Quick Charge)\nCompatible with iPhone X, 8 Plus, 8, 7 Plus, 7, 6s Plus, 6s, 6 Plus, Galaxy S7, S6, Edge, Plus, iPad Pro, iPad Air, Air 2, iPad mini, LG, Nexus, HTC, and more\nBuilt-in safety system includes overload, short-circuit, and overvoltage protection (CE, FCC, and RoHS certified); lightweight and compact for easy portability\n12 / 24 volt input; discrete, non-distracting LED confirms connection; charging cable not included; backed by AmazonBasics limited 1-year warranty', 'Dual-Port USB', 8.99, 4, 'https://images-na.ssl-images-amazon.com/images/I/61-5JCvBQCL._SL1495_.jpg', '28cc3537-9c35-4aa4-9527-3e8541c3e054'),
	('fire-hd-8', '8" HD display; 16 or 32 GB of internal storage (up to 400 GB with microSD);\n1.3 GHz quad-core processor;\nUp to 10 hours of battery life;\nAlexa hands-free enabled;\n1.5 GB of RAM;\n2 MP front-facing camera + 2 MP rear-facing HD camera;\nDual-band Wi-Fi;\n90-day limited warranty;\nEnjoy millions of movies, TV episodes, songs, books, apps, and games;', 'Fire HD 8', 79.99, 5, 'https://images-na.ssl-images-amazon.com/images/I/61SJLQB134L._SL1000_.jpg', '630a273a-711b-4f2b-8444-718c20099c3c'),
	('fire-tv-stick-4k', 'The most powerful 4K streaming media stick with a Wi-Fi antenna design optimized for 4K Ultra HD streaming.\nLaunch and control content with the Alexa Voice Remote. Watch favorites from Netflix, Prime Video, Hulu, STARZ, SHOWTIME, or CBS All Access, plus stream for free with Pluto TV, IMDb Freedive, and others.\nEnjoy brilliant picture with access to 4K Ultra HD, Dolby Vision, HDR, and HDR10+. Experience immersive sound with Dolby Atmos on select Prime Video titles.\nChoose from 500,000 movies and TV episodes. Watch favorites from Netflix, Prime Video, Hulu, STARZ, SHOWTIME, CBS All Access, and others.\nFire TV Stick devices have more storage for apps and games than any other streaming media stick.\nExperience tens of thousands of channels, apps, and Alexa skills, plus millions of websites like YouTube, Facebook, and Reddit.\nAlexa on Fire TV provides the most comprehensive voice experience of any streaming media playerview live camera feeds, check the weather, dim the lights, and stream music.\nAmazon Prime members get unlimited access to thousands of movies and TV episodes, plus ad-free listening to millions of songs with Prime Music.', 'Fire TV Stick 4K', 49.99, 16, 'https://images-na.ssl-images-amazon.com/images/I/51CgKGfMelL._SL1000_.jpg', 'cdd8f8a8-4166-4812-b84a-06c0fc9aab3b'),
	('galaxy-a30', 'Unlocked cell phones are compatible with GSM carrier such as AT&T and T-Mobile, but are not compatible with CDMA carriers such as Verizon and Sprint.\nPlease check if your GSM cellular carrier supports the bands for this model before purchasing, LTE may not be available in all areas: GSM 850 / 900 / 1800 / 1900 - SIM 1 & SIM 2, HSDPA 850 / 900 / 1900 / 2100, LTE band 1(2100), 3(1800), 5(850), 7(2600), 8(900), 20(800), 38(2600), 40(2300), 41(2500).\nDual Sim Slot, Display: 16.21cm (6.4") FHD+ Super AMOLED Infinity-U, Camera: Rear 16MP (F1.7) + 5MP (F2.2) Front 16MP (F2.0), Memory: 4GB | 64GB Expandable up to 512GB, Processor: Exynos 7904 Octa-Core, OS: Android Pie Samsung One UI.\nThis device may not include a US warranty as some manufacturers do not honor warranties for international items. Please contact the seller for specific warranty information.\nThe box contains: Your new device, USB cable, Charger (May be Foreign), Documentation.', 'Galaxy A30', 256.99, 6, 'https://images-na.ssl-images-amazon.com/images/I/81EcudA5T0L._SL1500_.jpg', '251c2e9d-08d1-48aa-9267-85aeb3f88519'),
	('go-2-', 'The JBL GO 2 is a full-featured waterproof Bluetooth speaker to take with you everywhere. Wirelessly stream music via Bluetooth for up to 5 hours of continuous JBL quality sound. Making a splash with its new IPX7 waterproof design, GO 2 gives music lovers the opportunity to bring their speaker poolside, or to the beach. GO 2 also offers crystal clear phone call experience with its built-in noise-cancelling speakerphone. Crafted in a compact design with 12 eye-catching colors to choose from, GO 2 instantly raises your style profile to all-new levels.', 'Go 2 ', 29.9, 13, 'https://images-na.ssl-images-amazon.com/images/I/91JPrxbYLeL._SL1500_.jpg', '9328b2d6-f936-43f1-8362-08b382673e50'),
	('hd-598', 'The HD 598 Cs headphones are a closed back, over ear, audiophile grade headphone combining exceptional sound quality with extreme wearing comfort. This premium headphone Features a padded leatherette headband and luxurious velour covered ear pads perfect for long listening sessions. Ear coupling - Circumaural.', 'HD 598', 169.55, 27, 'https://images-na.ssl-images-amazon.com/images/I/81t4sgDlfhL._SL1500_.jpg', 'c93b538a-fa4d-4b6e-889b-c54df57e2129'),
	('headphones-sennheiser-hd-599', 'The best in class, remastered. The new HD 500 Series pushes performance to the next level. Topping the product line is the HD 599, a premium headphone for those seeking sophisticated sound, design and build quality. Powered by Sennheiser proprietary transducer technology and featuring the \'Ergonomic Acoustic Refinement\' (E.A.R) design, the HD 599 represents a step into the world of audiophile sound reproduction. This open back, around ear headphone delivers an impressively natural tonal balance with outstanding spatial performance. Exceptional wearing comfort is provided by large ear cups fitted with plush velour ear cushions. Premium design cues; timeless ivory color scheme, brown headband stitching and matte metallic detail, communicate quality at first glance. Crafted to impress, the HD 599 is a solid choice for music listeners with sense of discovery!', 'HD 599', 149.9, 20, 'https://images-na.ssl-images-amazon.com/images/I/61rC-yMhtZL._SX679_.jpg', 'c93b538a-fa4d-4b6e-889b-c54df57e2129'),
	('htp-074', 'The immersive HTP-074 package comes with a 5.1-channel AV receiver, 5 compact speakers and a subwoofer. Just connect your Blu-ray Disc player or DVD player and enjoy quality sound for your home entertainment.\nFeaturing 4 HDMI inputs and Ultra HD (4K/60p/4:4:4) pass-through with HDCP 2.2, the HTP-074 supports the latest video standards HDR. You can also enjoy audio streaming from compatible devices with the built-in Bluetooth Wireless Technology.', 'HTP-074', 349, 5, 'https://images-na.ssl-images-amazon.com/images/I/51IoReHinNL._SL1200_.jpg', 'fb6885b2-9f12-408b-a851-1fc995fa5df7'),
	('huawei-honor-8x', 'Full View Display with Nearly Borderless Design. Seamless HD full view screen, with advanced chip-on-film (COF) technology and special antenna design. Only 4. 25 mm width of bottom border, and incredible screen-to-body ratio of 91%. The display occupies nearly the entire front of the phone. 6. 5-inch and 1080P High Definition. With its nearly borderless design, the phone can retain the same body size as a 5. 5-inch phone, making for an easier grip. The 19. 5: 9 aspect ratio and enhanced visual quality show more details and offer a better cinematic experience. Glass Body with Visual Grating Effect. Second-generation anti-glare film, with two visual effects and 15 layers of rich reflective craftsmanship on the same glass back. On the left border: complex intertwined and grained texture. On the right border: classic, unique pattern effect of Honor flagship phones. GPU Turbo: High Performance Graphics Processing Efficiency. GPU Turbo boosts efficiency in graphics processing with full FPS and FPS stability for gaming, while still reducing power consumption. 20MP AI Camera, Performing More Than You Can Imagine. AI dual-camera captures pictures at resolutions up to 20MP. AI multi-scene recognition can identify 22 different categories of objects in images and 500 scenarios in real-time. AI beauty effect can adjust and retouch images based on area segmentation. 16MP Front Camera, Enabling High Quality Selfies. With an enhanced ISO and supports 4-in-1 light fusion and multi-frame image processing to create quality and beautified selfies with booked effects.', 'Honor 8X', 214, 15, 'https://images-na.ssl-images-amazon.com/images/I/81uuNY%2B2tZL._SL1500_.jpg', '251c2e9d-08d1-48aa-9267-85aeb3f88519'),
	('inspiron', '7th Generation Intel(R) Core(TM) i7-7700 processor (8MB Cache, up to 4.20 GHz) 16GB DDR4 2400MHz 128GB SSD+1TB GB 7.2k HDD NVIDIA(R) GeForce(TM) GTX 1050 with 2GB GDDR5 graphics memory.', 'Inspiron', 923.3, 17, 'https://images-na.ssl-images-amazon.com/images/I/51NpSS7aPIL._SL1000_.jpg', 'ea3da887-8d53-4e68-8fc1-1bc81f4eeb41'),
	('ipad', '9.7-inch Retina display\nA10 Fusion chip\nTouch ID fingerprint sensor\n8MP back camera and 1.2MP FaceTime HD front camera\nTwo speaker audio\n802.11ac Wi-Fi and LTE cellular data\nUp to 10 hours of battery life', 'iPad', 459, 2, 'https://images-na.ssl-images-amazon.com/images/I/713n2dvqMaL._SL1500_.jpg', 'eea5a0dd-7c40-4ba1-a543-3897a461ef72'),
	('iphone-xs', 'CARRIER - This phone is locked to Simple Mobile from Tracfone, which means this device can only be used on the Simple Mobile wireless network.\nPLANS - Simple Mobile offers a variety of coverage plans, including 30-Day Unlimited Talk, Text & Data. No activation fees, no credit checks, and no hassles on a nationwide lightning-fast network. For more information or plan options, please visit the Simple Mobile website.\nACTIVATION - Youll receive a Simple Mobile SIM kit with this iPhone. Follow the instructions to get service activated with the Simple Mobile plan of your choice.\n5.8-inch Super Retina display (OLED) with HDR\nIP68 dust and water resistant (maximum depth of 2 meters up to 30 minutes)\n12MP dual cameras with dual OIS and 7MP TrueDepth front cameraPortrait mode, Portrait Lighting, Depth Control, and Smart HDR', 'iPhone XS', 829, 4, 'https://images-na.ssl-images-amazon.com/images/I/71R46ju5GzL._SL1500_.jpg', 'ffb34971-fc88-4fce-886b-411b6606cf93'),
	('note-8-', 'This Samsung Galaxy Note 8 N950U 64GB GSM Unlocked Smartphone is Certified Refurbished. It is 100% functional and in near perfect cosmetic condition with the possibility of a few light hair marks. It will NOT come in its original packaging but will include a certified cable and UL approved power adapter. Headsets, SIM card and manual are NOT included. This Samsung Galaxy Note 8 N950U 64GB GSM Unlocked Smartphone is fully functional with T-Mobile, AT&T and all other GSM networks. It will NOT work on Sprint, Verizon, Boost, Virgin Mobile or any other CDMA network.', 'Note 8 ', 398, 11, 'https://images-na.ssl-images-amazon.com/images/I/71wjfOWQhsL._SL1500_.jpg', '251c2e9d-08d1-48aa-9267-85aeb3f88519'),
	('paperwhite', 'The thinnest, lightest Kindle Paperwhite yetwith a flush-front design and 300 ppi glare-free display that reads like real paper even in bright sunlight.\nNow waterproof, so youre free to read and relax at the beach, by the pool, or in the bath.\nEnjoy twice the storage with 8 GB. Or choose 32 GB to hold more magazines, comics, and audiobooks.\nNow with Audible. Pair with Bluetooth headphones or speakers to listen to your story.\nA single battery charge lasts weeks, not hours.\nThe built-in adjustable light lets you read indoors and outdoors, day and night.\nGet instant access to new releases and bestsellers, plus over a million titles at $2.99 or less.', 'Paperwhite', 129.99, 7, 'https://images-na.ssl-images-amazon.com/images/I/61eAq6gg-XL._SL1000_.jpg', 'b7dcb1b0-d9d2-4ada-ad05-50f5bc9b3291'),
	('qn65q70rafxza', '100% COLOR VOLUME WITH QUANTUM DOTS: Powered by Quantum dots, Samsungs 4K QLED TV offers over a billion shades of brilliant color and 100% color volume for exceptional depth of detail that will draw you in to the picture\nDIRECT FULL ARRAY BACKLIGHT 4X: Concentrated zones of precision-controlled LEDs auto-adjust contrast between pure whites and ultra-deep blacks, revealing hidden details in even the darkest scenes\nQUANTUM PROCESSOR 4K: Intelligently powered processor instantly upscales content to 4K for sharp detail and refined color\nQUANTUM HDR 8X: 4K depth of detail with high dynamic range powered by HDR10+ delivers the lightest to darkest colors, scene by scene, for amazing picture realism\nSMART TV FEATURES: OneRemote to control all compatible devices, Bixby voice command, on-screen universal guide, SmartThings to control compatible home appliances and devices, smart speaker expandability with Alexa and Google Assistant compatibility, and more', 'QN65Q70RAFXZA', 1499, 20, 'https://images-na.ssl-images-amazon.com/images/I/91eWjdLgiJL._SL1500_.jpg', 'b7141846-1f64-422a-9896-4aa719c1d9fd'),
	('qn65q90rafxza-', 'Direct Full Array 16x: Concentrated zones of precision-controlled LEDs display ultra-deep blacks and pure whites\nQuantum Processor 4K: An intelligently powered Processor instantly upscale content for sharp detail and refined color\nUltra Viewing Angle: Engineered to reduce glare and enhance color, providing a vibrant picture no matter where you sit\nQuantum HDR 16x: Discover a new frontier of spectacular color and incredible detail, just as the director intended\n100% color volume with Quantum Dot: Over a billion shades of brilliant colorpowered by Quantum dotsdeliver our most realistic picture.Resolution:3,840 x 2,160', 'QN65Q90RAFXZA ', 2970, 10, 'https://images-na.ssl-images-amazon.com/images/I/71HK8caaMoL._SL1500_.jpg', 'b7141846-1f64-422a-9896-4aa719c1d9fd'),
	('quietcomfort-25', 'QuietComfort 25 headphones are engineered to sound better, be more comfortable and easier to take with you. Put them on, and suddenly everything changes. Your music is deep, powerful and balanced, and so quiet that every note sounds clearer. Even air travel becomes enjoyable, as engine roar gently fades away. No matter how noisy the world is, its just you and your musicor simply peace and quiet.', 'QuietComfort 25', 174, 26, 'https://images-na.ssl-images-amazon.com/images/I/7196VLfktNL._SL1500_.jpg', 'c93b538a-fa4d-4b6e-889b-c54df57e2129'),
	('soundlink-ii', 'Enjoy a better wireless experience with Bose sound link around-ear wireless headphones ii. Exclusive technology delivers deep, immersive sound at any volume, making them the best-sounding wireless headphones available. A dual microphone system rejects noise and wind so you\'ll be heard loud and clear. And enhanced side tone makes your voice sound more natural. Sound link wireless headphones use the latest Bluetooth technology so you can easily connect to your mobile devices with seamless audio/video sync and switch between two devices. For nfc-enabled devices, you can simply tap the right ear cup for quick pairing. A rechargeable lithium-ion battery lets you listen for up to 15 hours and gives you up to 2 hours of play time with a 15-minute charge. Effortless touch controls allow for simple command of your music and calls. And voice prompts give you information about battery life, device connection and caller id. Sound link wireless headphones are lighter and more comfortable than other comparable wireless headphones so you can enjoy them all day long. Wear them almost anywhere, and experience uncompromised wireless performance. Included: sound link around-ear headphones; detachable audio cable; carrying case.', 'SoundLink II', 229, 16, 'https://images-na.ssl-images-amazon.com/images/I/6188bLRU64L._SL1000_.jpg', 'c93b538a-fa4d-4b6e-889b-c54df57e2129'),
	('soundlink-micro', 'The Bose Sound Link Micro Bluetooth speaker delivers sound so good for a speaker its size, youll never leave it behind. Proprietary Bose technology produces loud, clear soundeven outdoorsthanks to its custom-mounted transducer and passive radiators. All from a speaker thats at home in your hand. Its also waterproof from the inside out, has a soft but rugged exterior and tear-resistant silicone strap, so its ready to take with you on all lifes adventures. Attach it to your backpack or cooler, and dont worry if it falls on the sidewalk or in the sand. And if you drop it in the pool, just dry it off and keep playing. Enjoy up to six hours of play time with a rechargeable lithium-ion battery.', 'SoundLink Micro', 99, 12, 'https://images-na.ssl-images-amazon.com/images/I/71yqkmEkGzL._SL1500_.jpg', '9328b2d6-f936-43f1-8362-08b382673e50'),
	('un40nu7100fxza-', 'PurColor: Enjoy millions of shades of color, fine tuned to create an incredibly vibrant picture. Motion Rate 120: Smooth action on fast-moving content\nHDR: View stunning high dynamic range content with a TV designed to support HDR10+\nSlim Design: An elegant slim design for a modern look youll admire\nSmart TV: Access your streaming services all in one place using the Samsung Remote Control\nNote-compression of video content may cause picture distortions, especially in fast moving pictures from sports programs and action movies. If the signal reception is weak or poor, screen distortion may be visible but it is not a malfunction. Mobile phones used close to the tv within 3.2 feet may cause noise on analog and digital channels\nPlease note the differences between the UN40NU7100 and the UN40NU710D. NU7100: Dark gray stand color, 450 nits HDR sustained brightness, Mega Dynamic Contrast. NU710D: Charcoal black stand color, 430 nits HDR sustained brightness, Ultra Dynamic Contrast.', 'UN40NU7100FXZA ', 436, 5, 'https://images-na.ssl-images-amazon.com/images/I/A1I7u42J4uL._SL1500_.jpg', 'e7e7b5f0-d82d-44fd-8923-b3e30ecab66c'),
	('usb-type-c-', 'Connect USB Type-C enabled devices (MacBook, Chromebook Pixel, Galaxy Note 7, etc.) with standard USB Type-A enabled devices (laptops, hard drives, power banks, wall/car chargers, etc.)\nIdeal for charging and powering USB Type-C enabled devices, as well as syncing data, photos and music\nReversible design - easily insert the Type-C connector into any Type-C enabled device (does not matter which side is up)\nType-C port is half the width and one-third the height of a standard USB-A connector (slightly larger compared to Lightning or Micro-USB ports)\nUp to 480 Mbps data transfer speed; power output up to 5V, 3 Amp\nCertified by USB-IF to be compliant with USB 2.0 Standard; backed by an AmazonBasics 1-Year Limited Warranty', 'USB Type-C ', 7.64, 20, 'https://images-na.ssl-images-amazon.com/images/I/51P%2B1JNnpnL._SL1046_.jpg', '28cc3537-9c35-4aa4-9527-3e8541c3e054'),
	('z906', 'This powerful THX-certified speaker system makes it easy for you to turn any room into a home theater. Hear every tire squeal, footstep and rumble the way the studio intended - in 5.1 discreet channels of explosive, detailed surround sound.', 'Z906', 199.9, 20, 'https://images-na.ssl-images-amazon.com/images/I/81eR41G4ydL._SL1500_.jpg', 'fb6885b2-9f12-408b-a851-1fc995fa5df7');
/*!40000 ALTER TABLE `product` ENABLE KEYS */;

-- Dumping structure for table tb-micro-product.size
CREATE TABLE IF NOT EXISTS `size` (
  `id` varchar(250) DEFAULT NULL,
  `name` varchar(250) DEFAULT NULL
) ENGINE=InnoDB DEFAULT CHARSET=latin1;

-- Dumping data for table tb-micro-product.size: ~3 rows (approximately)
/*!40000 ALTER TABLE `size` DISABLE KEYS */;
INSERT INTO `size` (`id`, `name`) VALUES
	('5b59b460-3a1f-4e22-b9f5-856e1618aaf1', 'Small'),
	('f26209a3-392a-44af-a3be-bb0f3ae3bfa2', 'Medium'),
	('1a6382a1-43af-4c48-b4cf-239ad8112082', 'Big');
/*!40000 ALTER TABLE `size` ENABLE KEYS */;

-- Dumping structure for table tb-micro-product.subcategory
CREATE TABLE IF NOT EXISTS `subcategory` (
  `id` varchar(250) NOT NULL,
  `name` varchar(250) NOT NULL,
  `category_id` varchar(250) DEFAULT NULL,
  PRIMARY KEY (`id`),
  KEY `category_id` (`category_id`),
  CONSTRAINT `category_id` FOREIGN KEY (`category_id`) REFERENCES `category` (`id`) ON DELETE SET NULL
) ENGINE=InnoDB DEFAULT CHARSET=latin1;

-- Dumping data for table tb-micro-product.subcategory: ~15 rows (approximately)
/*!40000 ALTER TABLE `subcategory` DISABLE KEYS */;
INSERT INTO `subcategory` (`id`, `name`, `category_id`) VALUES
	('15b5b767-4082-466d-9e8e-bdda821ede27', 'All-in-One', '5f7eb0ab-4f65-42b2-9bb7-5f7d6f09dfa9'),
	('251c2e9d-08d1-48aa-9267-85aeb3f88519', 'Android Smartphones', '7c2be2c8-8560-4406-a093-e9dbb10aa396'),
	('28cc3537-9c35-4aa4-9527-3e8541c3e054', 'Smartphones Accessories', '7c2be2c8-8560-4406-a093-e9dbb10aa396'),
	('630a273a-711b-4f2b-8444-718c20099c3c', 'Android Tablets', 'b4017536-8fb9-4b69-acb5-032492f1f7c0'),
	('9328b2d6-f936-43f1-8362-08b382673e50', 'Portable Audio', '5ceabe7f-a61f-4cd7-bacc-e1ed837811be'),
	('b7141846-1f64-422a-9896-4aa719c1d9fd', 'ULTRA HD 4K TVs', 'f86fbfd6-676c-4982-8c4c-68bd8bc9304e'),
	('b7dcb1b0-d9d2-4ada-ad05-50f5bc9b3291', 'E-readers', 'b4017536-8fb9-4b69-acb5-032492f1f7c0'),
	('c834072c-3bb5-4644-a1bc-6736cf043c04', 'Notebooks', '5f7eb0ab-4f65-42b2-9bb7-5f7d6f09dfa9'),
	('c93b538a-fa4d-4b6e-889b-c54df57e2129', 'Headphones', '5ceabe7f-a61f-4cd7-bacc-e1ed837811be'),
	('cdd8f8a8-4166-4812-b84a-06c0fc9aab3b', 'Accessories', 'f86fbfd6-676c-4982-8c4c-68bd8bc9304e'),
	('e7e7b5f0-d82d-44fd-8923-b3e30ecab66c', 'LED TVs', 'f86fbfd6-676c-4982-8c4c-68bd8bc9304e'),
	('ea3da887-8d53-4e68-8fc1-1bc81f4eeb41', 'Descktops', '5f7eb0ab-4f65-42b2-9bb7-5f7d6f09dfa9'),
	('eea5a0dd-7c40-4ba1-a543-3897a461ef72', 'IOS Tablets', 'b4017536-8fb9-4b69-acb5-032492f1f7c0'),
	('fb6885b2-9f12-408b-a851-1fc995fa5df7', 'Home Audio', '5ceabe7f-a61f-4cd7-bacc-e1ed837811be'),
	('ffb34971-fc88-4fce-886b-411b6606cf93', 'IOS Smartphones', '7c2be2c8-8560-4406-a093-e9dbb10aa396');
/*!40000 ALTER TABLE `subcategory` ENABLE KEYS */;

-- Dumping structure for table tb-micro-product.weight
CREATE TABLE IF NOT EXISTS `weight` (
  `id` varchar(250) DEFAULT NULL,
  `name` varchar(250) DEFAULT NULL
) ENGINE=InnoDB DEFAULT CHARSET=latin1;

-- Dumping data for table tb-micro-product.weight: ~6 rows (approximately)
/*!40000 ALTER TABLE `weight` DISABLE KEYS */;
INSERT INTO `weight` (`id`, `name`) VALUES
	('68eded62-0a72-476a-b7b3-1f05f0477e07', '0kg-1kg'),
	('8f2e63f7-46ea-4a09-a933-0f189b62099b', '1kg-2kg'),
	('b6a63649-7241-417b-b6a7-cd0523505fe7', '2kg-3kg'),
	('5a4c72fb-ca5f-4ab1-b465-36e0eba64bc7', '3kg-4kg'),
	('53a1e12f-f8ac-4e85-8a22-847d01c80c9c', '4kg-5kg');
/*!40000 ALTER TABLE `weight` ENABLE KEYS */;

/*!40101 SET SQL_MODE=IFNULL(@OLD_SQL_MODE, '') */;
/*!40014 SET FOREIGN_KEY_CHECKS=IF(@OLD_FOREIGN_KEY_CHECKS IS NULL, 1, @OLD_FOREIGN_KEY_CHECKS) */;
/*!40101 SET CHARACTER_SET_CLIENT=@OLD_CHARACTER_SET_CLIENT */;
